Workbook

Sheet Index
G20: Pricelist January '25

Sheet Z9
C3: Format
D4: FX
C5: Megapixels
D6: 45.7 MP
C7: Continuous Shooting
D8: 20 FPS Raw
D9: 120 FPS JPEG
C10: ISO
D11: ISO 64–25600, ISO Expandable to 102,400
C13: Video
D14: 8K UHD videos
C16: Memory
D17: Dual CFexpress Type B card slots
C19: Monitor Size
D20: 3.2 Inch V/H Tilt Touch-LCD | G20: The Fastest, most powerful Nikon - Ever.
C22: Order Code | G22: Details | I22: Product Code | J22: Barcode | K22: Dealer (Export)
D24: CAMNIILCZ9 | G24: =IFERROR(VLOOKUP($D24,'Master Sheet'!$B:$AA,3,FALSE),"") -> Nikon Z9 Mirrorless Digital Camera Body | I24: =IFERROR(VLOOKUP($D24,'Master Sheet'!$B:$AA,2,FALSE),"") -> VOA080AM | J24: =IFERROR(VLOOKUP($D24,'Master Sheet'!$B:$AA,5,FALSE),"") -> 4960759912282 | K24: =IFERROR(VLOOKUP($D24,'Master Sheet'!$B:$AA,8,FALSE),"") -> 97829.955
G25: =IFERROR(VLOOKUP($D25,'Master Sheet'!$B:$AA,3,FALSE),"") | I25: =IFERROR(VLOOKUP($D25,'Master Sheet'!$B:$AA,2,FALSE),"") | J25: =IFERROR(VLOOKUP($D25,'Master Sheet'!$B:$AA,5,FALSE),"") | K25: =IFERROR(VLOOKUP($D25,'Master Sheet'!$B:$AA,8,FALSE),"")
C26: Body Cap
D27: CAMNIACILCBFN1 | G27: =IFERROR(VLOOKUP($D27,'Master Sheet'!$B:$AA,3,FALSE),"") -> BF-N1 Body Cap (Z-Series) | I27: =IFERROR(VLOOKUP($D27,'Master Sheet'!$B:$AA,2,FALSE),"") -> VOD00101 | J27: =IFERROR(VLOOKUP($D27,'Master Sheet'!$B:$AA,5,FALSE),"") -> 4960759901002 | K27: =IFERROR(VLOOKUP($D27,'Master Sheet'!$B:$AA,8,FALSE),"") -> 116.955
C29: Lens Adapter
D30: CAMNIACILCFTZII | G30: =IFERROR(VLOOKUP($D30,'Master Sheet'!$B:$AA,3,FALSE),"") -> FTZ II Mount Adapter | I30: =IFERROR(VLOOKUP($D30,'Master Sheet'!$B:$AA,2,FALSE),"") -> JMA905DA | J30: =IFERROR(VLOOKUP($D30,'Master Sheet'!$B:$AA,5,FALSE),"") -> 018208042647 | K30: =IFERROR(VLOOKUP($D30,'Master Sheet'!$B:$AA,8,FALSE),"") -> 4049.955
G31: =IFERROR(VLOOKUP($D31,'Master Sheet'!$B:$AA,3,FALSE),"") | I31: =IFERROR(VLOOKUP($D31,'Master Sheet'!$B:$AA,2,FALSE),"") | J31: =IFERROR(VLOOKUP($D31,'Master Sheet'!$B:$AA,5,FALSE),"") | K31: =IFERROR(VLOOKUP($D31,'Master Sheet'!$B:$AA,8,FALSE),"")
C32: Lenses
G33: (See Mirrorless Lenses Pricelist Sheets) | I33: =IFERROR(VLOOKUP($D33,'Master Sheet'!$B:$AA,2,FALSE),"") | J33: =IFERROR(VLOOKUP($D33,'Master Sheet'!$B:$AA,5,FALSE),"") | K33: =IFERROR(VLOOKUP($D33,'Master Sheet'!$B:$AA,8,FALSE),"")
G34: =IFERROR(VLOOKUP($D34,'Master Sheet'!$B:$AA,3,FALSE),"") | I34: =IFERROR(VLOOKUP($D34,'Master Sheet'!$B:$AA,2,FALSE),"") | J34: =IFERROR(VLOOKUP($D34,'Master Sheet'!$B:$AA,5,FALSE),"") | K34: =IFERROR(VLOOKUP($D34,'Master Sheet'!$B:$AA,8,FALSE),"")
C35: Speedlights/Flashes
G36: (See Speedlight Pricelist Sheets) | I36: =IFERROR(VLOOKUP($D36,'Master Sheet'!$B:$AA,2,FALSE),"") | J36: =IFERROR(VLOOKUP($D36,'Master Sheet'!$B:$AA,5,FALSE),"") | K36: =IFERROR(VLOOKUP($D36,'Master Sheet'!$B:$AA,8,FALSE),"")
G37: =IFERROR(VLOOKUP($D37,'Master Sheet'!$B:$AA,3,FALSE),"") | I37: =IFERROR(VLOOKUP($D37,'Master Sheet'!$B:$AA,2,FALSE),"") | J37: =IFERROR(VLOOKUP($D37,'Master Sheet'!$B:$AA,5,FALSE),"") | K37: =IFERROR(VLOOKUP($D37,'Master Sheet'!$B:$AA,8,FALSE),"")
C38: Power Accessories
D39: CAMNIACILCBL7 | G39: =IFERROR(VLOOKUP($D39,'Master Sheet'!$B:$AA,3,FALSE),"") -> BL-7-BATTERY CHAMBER COVER | I39: =IFERROR(VLOOKUP($D39,'Master Sheet'!$B:$AA,2,FALSE),"") -> VFD10401 | J39: =IFERROR(VLOOKUP($D39,'Master Sheet'!$B:$AA,5,FALSE),"") -> 018208272235 | K39: =IFERROR(VLOOKUP($D39,'Master Sheet'!$B:$AA,8,FALSE),"") -> 638.955
D40: CAMNIACENEL18D | G40: =IFERROR(VLOOKUP($D40,'Master Sheet'!$B:$AA,3,FALSE),"") -> EN-EL18D RECHARGEABLE LI-ION BATTERY | I40: =IFERROR(VLOOKUP($D40,'Master Sheet'!$B:$AA,2,FALSE),"") -> VFB12902 | J40: =IFERROR(VLOOKUP($D40,'Master Sheet'!$B:$AA,5,FALSE),"") -> 4960759909220 | K40: =IFERROR(VLOOKUP($D40,'Master Sheet'!$B:$AA,8,FALSE),"") -> 4859.955
D41: CAMNIACILCMH33 | G41: =IFERROR(VLOOKUP($D41,'Master Sheet'!$B:$AA,3,FALSE),"") -> MH-33 BATTERY CHARGER - EN-EL18D Battery | I41: =IFERROR(VLOOKUP($D41,'Master Sheet'!$B:$AA,2,FALSE),"") -> VEA02502 | J41: =IFERROR(VLOOKUP($D41,'Master Sheet'!$B:$AA,5,FALSE),"") -> 4960759909404 | K41: =IFERROR(VLOOKUP($D41,'Master Sheet'!$B:$AA,8,FALSE),"") -> 2240.955
D42: CAMNIACEH6D | G42: =IFERROR(VLOOKUP($D42,'Master Sheet'!$B:$AA,3,FALSE),"") -> AC ADAPTER EH-6D | I42: =IFERROR(VLOOKUP($D42,'Master Sheet'!$B:$AA,2,FALSE),"") -> VEB036EA | J42: =IFERROR(VLOOKUP($D42,'Master Sheet'!$B:$AA,5,FALSE),"") -> 4960759909183 | K42: =IFERROR(VLOOKUP($D42,'Master Sheet'!$B:$AA,8,FALSE),"") -> 4715.955
D43: CAMNIACEP6A | G43: =IFERROR(VLOOKUP($D43,'Master Sheet'!$B:$AA,3,FALSE),"") -> EP-6A POWER SUPPLY CONNECTOR - Z9 | I43: =IFERROR(VLOOKUP($D43,'Master Sheet'!$B:$AA,2,FALSE),"") -> VEB03501 | J43: =IFERROR(VLOOKUP($D43,'Master Sheet'!$B:$AA,5,FALSE),"") -> No Barcode | K43: =IFERROR(VLOOKUP($D43,'Master Sheet'!$B:$AA,8,FALSE),"") -> 6740.955
D44: CAMNIACILCEH7P | G44: =IFERROR(VLOOKUP($D44,'Master Sheet'!$B:$AA,3,FALSE),"") -> Charging AC Adapter EH-7P | I44: =IFERROR(VLOOKUP($D44,'Master Sheet'!$B:$AA,2,FALSE),"") -> VEB029BA | J44: =IFERROR(VLOOKUP($D44,'Master Sheet'!$B:$AA,5,FALSE),"") -> 4960759901958 | K44: =IFERROR(VLOOKUP($D44,'Master Sheet'!$B:$AA,8,FALSE),"") -> 917.955
G45: =IFERROR(VLOOKUP($D45,'Master Sheet'!$B:$AA,3,FALSE),"") | I45: =IFERROR(VLOOKUP($D45,'Master Sheet'!$B:$AA,2,FALSE),"") | J45: =IFERROR(VLOOKUP($D45,'Master Sheet'!$B:$AA,5,FALSE),"") | K45: =IFERROR(VLOOKUP($D45,'Master Sheet'!$B:$AA,8,FALSE),"")
C46: Remotes & Releases
D47: CAMNIACMC30A | G47: =IFERROR(VLOOKUP($D47,'Master Sheet'!$B:$AA,3,FALSE),"") -> MC-30A REMOTE CORD - D4/D4S/D800/E | I47: =IFERROR(VLOOKUP($D47,'Master Sheet'!$B:$AA,2,FALSE),"") -> VDR00601 | J47: =IFERROR(VLOOKUP($D47,'Master Sheet'!$B:$AA,5,FALSE),"") -> 018208046607 | K47: =IFERROR(VLOOKUP($D47,'Master Sheet'!$B:$AA,8,FALSE),"") -> 1493.955
D48: CAMNIACMC36A | G48: =IFERROR(VLOOKUP($D48,'Master Sheet'!$B:$AA,3,FALSE),"") -> MC-36A REMOTE CORD - D4/D4S/D800/E | I48: =IFERROR(VLOOKUP($D48,'Master Sheet'!$B:$AA,2,FALSE),"") -> VDR00801 | J48: =IFERROR(VLOOKUP($D48,'Master Sheet'!$B:$AA,5,FALSE),"") -> 018208270323 | K48: =IFERROR(VLOOKUP($D48,'Master Sheet'!$B:$AA,8,FALSE),"") -> 3914.955
D49: CAMNIACWRR11A | G49: =IFERROR(VLOOKUP($D49,'Master Sheet'!$B:$AA,3,FALSE),"") -> WR-R11A WIRELESS REMOTE CONTROLLER | I49: =IFERROR(VLOOKUP($D49,'Master Sheet'!$B:$AA,2,FALSE),"") -> VBJ005CG | J49: =IFERROR(VLOOKUP($D49,'Master Sheet'!$B:$AA,5,FALSE),"") -> 4960759905192 | K49: =IFERROR(VLOOKUP($D49,'Master Sheet'!$B:$AA,8,FALSE),"") -> 3365.955
D50: CAMNIACWRA10 | G50: =IFERROR(VLOOKUP($D50,'Master Sheet'!$B:$AA,3,FALSE),"") -> WR-A10 ADAPTER- Required for D4/D4S/D3/D3X/D2XS/D700/D300/D200 to use WR-R10 & WR-T10 | I50: =IFERROR(VLOOKUP($D50,'Master Sheet'!$B:$AA,2,FALSE),"") -> VWD00701 | J50: =IFERROR(VLOOKUP($D50,'Master Sheet'!$B:$AA,5,FALSE),"") -> 018208271030 | K50: =IFERROR(VLOOKUP($D50,'Master Sheet'!$B:$AA,8,FALSE),"") -> 1106.955
D51: CAMNIACWRT10 | G51: =IFERROR(VLOOKUP($D51,'Master Sheet'!$B:$AA,3,FALSE),"") -> WR-T10 WIRELESS REMOTE TRANSMITTER | I51: =IFERROR(VLOOKUP($D51,'Master Sheet'!$B:$AA,2,FALSE),"") -> VBJ003AE | J51: =IFERROR(VLOOKUP($D51,'Master Sheet'!$B:$AA,5,FALSE),"") -> 018208933525 | K51: =IFERROR(VLOOKUP($D51,'Master Sheet'!$B:$AA,8,FALSE),"") -> 1475.955
G52: =IFERROR(VLOOKUP($D52,'Master Sheet'!$B:$AA,3,FALSE),"") | I52: =IFERROR(VLOOKUP($D52,'Master Sheet'!$B:$AA,2,FALSE),"") | J52: =IFERROR(VLOOKUP($D52,'Master Sheet'!$B:$AA,5,FALSE),"") | K52: =IFERROR(VLOOKUP($D52,'Master Sheet'!$B:$AA,8,FALSE),"")
C53: Microphones
D54: CAMNIACME1 | G54: =IFERROR(VLOOKUP($D54,'Master Sheet'!$B:$AA,3,FALSE),"") -> ME-1 STEREO MICROPHONE | I54: =IFERROR(VLOOKUP($D54,'Master Sheet'!$B:$AA,2,FALSE),"") -> VBW30001 | J54: =IFERROR(VLOOKUP($D54,'Master Sheet'!$B:$AA,5,FALSE),"") -> 018208270453 | K54: =IFERROR(VLOOKUP($D54,'Master Sheet'!$B:$AA,8,FALSE),"") -> 3464.955
G55: =IFERROR(VLOOKUP($D55,'Master Sheet'!$B:$AA,3,FALSE),"") | I55: =IFERROR(VLOOKUP($D55,'Master Sheet'!$B:$AA,2,FALSE),"") | J55: =IFERROR(VLOOKUP($D55,'Master Sheet'!$B:$AA,5,FALSE),"") | K55: =IFERROR(VLOOKUP($D55,'Master Sheet'!$B:$AA,8,FALSE),"")
C56: Eyepieces
D57: CAMNIACILCDK33 | G57: =IFERROR(VLOOKUP($D57,'Master Sheet'!$B:$AA,3,FALSE),"") -> DK-33 Rubber Eyecup | I57: =IFERROR(VLOOKUP($D57,'Master Sheet'!$B:$AA,2,FALSE),"") -> VOW00501 | J57: =IFERROR(VLOOKUP($D57,'Master Sheet'!$B:$AA,5,FALSE),"") -> 018208272242 | K57: =IFERROR(VLOOKUP($D57,'Master Sheet'!$B:$AA,8,FALSE),"") -> 152.955
G58: =IFERROR(VLOOKUP($D58,'Master Sheet'!$B:$AA,3,FALSE),"") | I58: =IFERROR(VLOOKUP($D58,'Master Sheet'!$B:$AA,2,FALSE),"") | J58: =IFERROR(VLOOKUP($D58,'Master Sheet'!$B:$AA,5,FALSE),"") | K58: =IFERROR(VLOOKUP($D58,'Master Sheet'!$B:$AA,8,FALSE),"")
C59: Cords & Cables
D60: CAMNIACUCE24 | G60: =IFERROR(VLOOKUP($D60,'Master Sheet'!$B:$AA,3,FALSE),"") -> USB Cable UC-E24 | I60: =IFERROR(VLOOKUP($D60,'Master Sheet'!$B:$AA,2,FALSE),"") -> VDU10701 | J60: =IFERROR(VLOOKUP($D60,'Master Sheet'!$B:$AA,5,FALSE),"") -> 018208042166 | K60: =IFERROR(VLOOKUP($D60,'Master Sheet'!$B:$AA,8,FALSE),"") -> 512.955
D61: CAMNIACUCE25 | G61: =IFERROR(VLOOKUP($D61,'Master Sheet'!$B:$AA,3,FALSE),"") -> USB Cable UC-E25 | I61: =IFERROR(VLOOKUP($D61,'Master Sheet'!$B:$AA,2,FALSE),"") -> VDU10801 | J61: =IFERROR(VLOOKUP($D61,'Master Sheet'!$B:$AA,5,FALSE),"") -> 018208042234 | K61: =IFERROR(VLOOKUP($D61,'Master Sheet'!$B:$AA,8,FALSE),"") -> 575.955
G62: =IFERROR(VLOOKUP($D62,'Master Sheet'!$B:$AA,3,FALSE),"") | I62: =IFERROR(VLOOKUP($D62,'Master Sheet'!$B:$AA,2,FALSE),"") | J62: =IFERROR(VLOOKUP($D62,'Master Sheet'!$B:$AA,5,FALSE),"") | K62: =IFERROR(VLOOKUP($D62,'Master Sheet'!$B:$AA,8,FALSE),"")
G63: =IFERROR(VLOOKUP($D63,'Master Sheet'!$B:$AA,3,FALSE),"") | I63: =IFERROR(VLOOKUP($D63,'Master Sheet'!$B:$AA,2,FALSE),"") | J63: =IFERROR(VLOOKUP($D63,'Master Sheet'!$B:$AA,5,FALSE),"") | K63: =IFERROR(VLOOKUP($D63,'Master Sheet'!$B:$AA,8,FALSE),"")

Sheet Z8
C3: Format
D4: FX
C5: Megapixels
D6: 45.7 MP
C7: Continuous Shooting
D8: 20 FPS Raw
D9: 30 FPS JPEG
C10: ISO
D11: ISO 64–25600, ISO Expandable to 102,400
C13: Video
D14: 8K UHD 7,680 × 4,320 / 30p (progressive)
C16: Memory
D17: Dual card slots, Cfexpress/XQD & SD
C19: Monitor Size
D20: 3.2 Inch V/H Tilt Touch-LCD | G20: The ultimate hybrid camera.
C22: Order Code | G22: Details | I22: Product Code | J22: Barcode | K22: Dealer (Export)
D24: CAMNIILCZ8 | G24: =IFERROR(VLOOKUP($D24,'Master Sheet'!$B:$AA,3,FALSE),"") -> Nikon Z8 Mirrorless Digital Camera Body | I24: =IFERROR(VLOOKUP($D24,'Master Sheet'!$B:$AA,2,FALSE),"") -> VOA100AM | J24: =IFERROR(VLOOKUP($D24,'Master Sheet'!$B:$AA,5,FALSE),"") -> 4960759909985 | K24: =IFERROR(VLOOKUP($D24,'Master Sheet'!$B:$AA,8,FALSE),"") -> 66527.955
G25: =IFERROR(VLOOKUP($D25,'Master Sheet'!$B:$AA,3,FALSE),"") | I25: =IFERROR(VLOOKUP($D25,'Master Sheet'!$B:$AA,2,FALSE),"") | J25: =IFERROR(VLOOKUP($D25,'Master Sheet'!$B:$AA,5,FALSE),"") | K25: =IFERROR(VLOOKUP($D25,'Master Sheet'!$B:$AA,8,FALSE),"")
C26: Body Cap
D27: CAMNIACILCBFN1 | G27: =IFERROR(VLOOKUP($D27,'Master Sheet'!$B:$AA,3,FALSE),"") -> BF-N1 Body Cap (Z-Series) | I27: =IFERROR(VLOOKUP($D27,'Master Sheet'!$B:$AA,2,FALSE),"") -> VOD00101 | J27: =IFERROR(VLOOKUP($D27,'Master Sheet'!$B:$AA,5,FALSE),"") -> 4960759901002 | K27: =IFERROR(VLOOKUP($D27,'Master Sheet'!$B:$AA,8,FALSE),"") -> 116.955
C29: Lens Adapter
D30: CAMNIACILCFTZII | G30: =IFERROR(VLOOKUP($D30,'Master Sheet'!$B:$AA,3,FALSE),"") -> FTZ II Mount Adapter | I30: =IFERROR(VLOOKUP($D30,'Master Sheet'!$B:$AA,2,FALSE),"") -> JMA905DA | J30: =IFERROR(VLOOKUP($D30,'Master Sheet'!$B:$AA,5,FALSE),"") -> 018208042647 | K30: =IFERROR(VLOOKUP($D30,'Master Sheet'!$B:$AA,8,FALSE),"") -> 4049.955
G31: =IFERROR(VLOOKUP($D31,'Master Sheet'!$B:$AA,3,FALSE),"") | I31: =IFERROR(VLOOKUP($D31,'Master Sheet'!$B:$AA,2,FALSE),"") | J31: =IFERROR(VLOOKUP($D31,'Master Sheet'!$B:$AA,5,FALSE),"") | K31: =IFERROR(VLOOKUP($D31,'Master Sheet'!$B:$AA,8,FALSE),"")
C32: Lenses
G33: (See Mirrorless Lenses Pricelist Sheets) | I33: =IFERROR(VLOOKUP($D33,'Master Sheet'!$B:$AA,2,FALSE),"") | J33: =IFERROR(VLOOKUP($D33,'Master Sheet'!$B:$AA,5,FALSE),"") | K33: =IFERROR(VLOOKUP($D33,'Master Sheet'!$B:$AA,8,FALSE),"")
G34: =IFERROR(VLOOKUP($D34,'Master Sheet'!$B:$AA,3,FALSE),"") | I34: =IFERROR(VLOOKUP($D34,'Master Sheet'!$B:$AA,2,FALSE),"") | J34: =IFERROR(VLOOKUP($D34,'Master Sheet'!$B:$AA,5,FALSE),"") | K34: =IFERROR(VLOOKUP($D34,'Master Sheet'!$B:$AA,8,FALSE),"")
C35: Speedlights/Flashes
G36: (See Speedlight Pricelist Sheets) | I36: =IFERROR(VLOOKUP($D36,'Master Sheet'!$B:$AA,2,FALSE),"") | J36: =IFERROR(VLOOKUP($D36,'Master Sheet'!$B:$AA,5,FALSE),"") | K36: =IFERROR(VLOOKUP($D36,'Master Sheet'!$B:$AA,8,FALSE),"")
G37: =IFERROR(VLOOKUP($D37,'Master Sheet'!$B:$AA,3,FALSE),"") | I37: =IFERROR(VLOOKUP($D37,'Master Sheet'!$B:$AA,2,FALSE),"") | J37: =IFERROR(VLOOKUP($D37,'Master Sheet'!$B:$AA,5,FALSE),"") | K37: =IFERROR(VLOOKUP($D37,'Master Sheet'!$B:$AA,8,FALSE),"")
C38: Power Accessories
D39: CAMNIACILCMBN12 | G39: =IFERROR(VLOOKUP($D39,'Master Sheet'!$B:$AA,3,FALSE),"") -> Nikon MB-N12 battery pack for the Z8 | I39: =IFERROR(VLOOKUP($D39,'Master Sheet'!$B:$AA,2,FALSE),"") -> MB-N12 | J39: =IFERROR(VLOOKUP($D39,'Master Sheet'!$B:$AA,5,FALSE),"") -> 018208272273 | K39: =IFERROR(VLOOKUP($D39,'Master Sheet'!$B:$AA,8,FALSE),"") -> 8279.955
D40: CAMNIACENEL15C | G40: =IFERROR(VLOOKUP($D40,'Master Sheet'!$B:$AA,3,FALSE),"") -> EN-EL15C RECHARGEABLE LI-ION BATTERY | I40: =IFERROR(VLOOKUP($D40,'Master Sheet'!$B:$AA,2,FALSE),"") -> VFB12802 | J40: =IFERROR(VLOOKUP($D40,'Master Sheet'!$B:$AA,5,FALSE),"") -> 4960759904393 | K40: =IFERROR(VLOOKUP($D40,'Master Sheet'!$B:$AA,8,FALSE),"") -> 1439.955
D41: CAMNIACMH25A | G41: =IFERROR(VLOOKUP($D41,'Master Sheet'!$B:$AA,3,FALSE),"") -> MH-25A BATTERY CHARGER - EN-EL15 Battery | I41: =IFERROR(VLOOKUP($D41,'Master Sheet'!$B:$AA,2,FALSE),"") -> VEA016EA | J41: =IFERROR(VLOOKUP($D41,'Master Sheet'!$B:$AA,5,FALSE),"") -> 018208941704 | K41: =IFERROR(VLOOKUP($D41,'Master Sheet'!$B:$AA,8,FALSE),"") -> 1106.955
D42: CAMNIACEP5B | G42: =IFERROR(VLOOKUP($D42,'Master Sheet'!$B:$AA,3,FALSE),"") -> EP-5B POWER CONNECTOR - D7000/D7100/D600/D610/D800/E | I42: =IFERROR(VLOOKUP($D42,'Master Sheet'!$B:$AA,2,FALSE),"") -> VEB00901 | J42: =IFERROR(VLOOKUP($D42,'Master Sheet'!$B:$AA,5,FALSE),"") -> 018208270149 | K42: =IFERROR(VLOOKUP($D42,'Master Sheet'!$B:$AA,8,FALSE),"") -> 863.955
G43: =IFERROR(VLOOKUP($D43,'Master Sheet'!$B:$AA,3,FALSE),"") | I43: =IFERROR(VLOOKUP($D43,'Master Sheet'!$B:$AA,2,FALSE),"") | J43: =IFERROR(VLOOKUP($D43,'Master Sheet'!$B:$AA,5,FALSE),"") | K43: =IFERROR(VLOOKUP($D43,'Master Sheet'!$B:$AA,8,FALSE),"")
C44: Remotes & Releases
D45: CAMNIACILMCN10 | G45: =IFERROR(VLOOKUP($D45,'Master Sheet'!$B:$AA,3,FALSE),"") -> Nikon MC-N10 Remote Grip | I45: =IFERROR(VLOOKUP($D45,'Master Sheet'!$B:$AA,2,FALSE),"") -> VDR009AA | J45: =IFERROR(VLOOKUP($D45,'Master Sheet'!$B:$AA,5,FALSE),"") -> 018208272303 | K45: =IFERROR(VLOOKUP($D45,'Master Sheet'!$B:$AA,8,FALSE),"") -> 9629.955
D46: CAMNIACMC30A | G46: =IFERROR(VLOOKUP($D46,'Master Sheet'!$B:$AA,3,FALSE),"") -> MC-30A REMOTE CORD - D4/D4S/D800/E | I46: =IFERROR(VLOOKUP($D46,'Master Sheet'!$B:$AA,2,FALSE),"") -> VDR00601 | J46: =IFERROR(VLOOKUP($D46,'Master Sheet'!$B:$AA,5,FALSE),"") -> 018208046607 | K46: =IFERROR(VLOOKUP($D46,'Master Sheet'!$B:$AA,8,FALSE),"") -> 1493.955
D47: CAMNIACMC36A | G47: =IFERROR(VLOOKUP($D47,'Master Sheet'!$B:$AA,3,FALSE),"") -> MC-36A REMOTE CORD - D4/D4S/D800/E | I47: =IFERROR(VLOOKUP($D47,'Master Sheet'!$B:$AA,2,FALSE),"") -> VDR00801 | J47: =IFERROR(VLOOKUP($D47,'Master Sheet'!$B:$AA,5,FALSE),"") -> 018208270323 | K47: =IFERROR(VLOOKUP($D47,'Master Sheet'!$B:$AA,8,FALSE),"") -> 3914.955
D48: CAMNIACWRR11A | G48: =IFERROR(VLOOKUP($D48,'Master Sheet'!$B:$AA,3,FALSE),"") -> WR-R11A WIRELESS REMOTE CONTROLLER | I48: =IFERROR(VLOOKUP($D48,'Master Sheet'!$B:$AA,2,FALSE),"") -> VBJ005CG | J48: =IFERROR(VLOOKUP($D48,'Master Sheet'!$B:$AA,5,FALSE),"") -> 4960759905192 | K48: =IFERROR(VLOOKUP($D48,'Master Sheet'!$B:$AA,8,FALSE),"") -> 3365.955
D49: CAMNIACWRA10 | G49: =IFERROR(VLOOKUP($D49,'Master Sheet'!$B:$AA,3,FALSE),"") -> WR-A10 ADAPTER- Required for D4/D4S/D3/D3X/D2XS/D700/D300/D200 to use WR-R10 & WR-T10 | I49: =IFERROR(VLOOKUP($D49,'Master Sheet'!$B:$AA,2,FALSE),"") -> VWD00701 | J49: =IFERROR(VLOOKUP($D49,'Master Sheet'!$B:$AA,5,FALSE),"") -> 018208271030 | K49: =IFERROR(VLOOKUP($D49,'Master Sheet'!$B:$AA,8,FALSE),"") -> 1106.955
D50: CAMNIACWRT10 | G50: =IFERROR(VLOOKUP($D50,'Master Sheet'!$B:$AA,3,FALSE),"") -> WR-T10 WIRELESS REMOTE TRANSMITTER | I50: =IFERROR(VLOOKUP($D50,'Master Sheet'!$B:$AA,2,FALSE),"") -> VBJ003AE | J50: =IFERROR(VLOOKUP($D50,'Master Sheet'!$B:$AA,5,FALSE),"") -> 018208933525 | K50: =IFERROR(VLOOKUP($D50,'Master Sheet'!$B:$AA,8,FALSE),"") -> 1475.955
G51: =IFERROR(VLOOKUP($D51,'Master Sheet'!$B:$AA,3,FALSE),"") | I51: =IFERROR(VLOOKUP($D51,'Master Sheet'!$B:$AA,2,FALSE),"") | J51: =IFERROR(VLOOKUP($D51,'Master Sheet'!$B:$AA,5,FALSE),"") | K51: =IFERROR(VLOOKUP($D51,'Master Sheet'!$B:$AA,8,FALSE),"")
C52: Eyepieces
D53: CAMNIACILCDK33 | G53: =IFERROR(VLOOKUP($D53,'Master Sheet'!$B:$AA,3,FALSE),"") -> DK-33 Rubber Eyecup | I53: =IFERROR(VLOOKUP($D53,'Master Sheet'!$B:$AA,2,FALSE),"") -> VOW00501 | J53: =IFERROR(VLOOKUP($D53,'Master Sheet'!$B:$AA,5,FALSE),"") -> 018208272242 | K53: =IFERROR(VLOOKUP($D53,'Master Sheet'!$B:$AA,8,FALSE),"") -> 152.955
G54: =IFERROR(VLOOKUP($D54,'Master Sheet'!$B:$AA,3,FALSE),"") | I54: =IFERROR(VLOOKUP($D54,'Master Sheet'!$B:$AA,2,FALSE),"") | J54: =IFERROR(VLOOKUP($D54,'Master Sheet'!$B:$AA,5,FALSE),"") | K54: =IFERROR(VLOOKUP($D54,'Master Sheet'!$B:$AA,8,FALSE),"")
C55: Cords & Cables
D56: CAMNIACUCE24 | G56: =IFERROR(VLOOKUP($D56,'Master Sheet'!$B:$AA,3,FALSE),"") -> USB Cable UC-E24 | I56: =IFERROR(VLOOKUP($D56,'Master Sheet'!$B:$AA,2,FALSE),"") -> VDU10701 | J56: =IFERROR(VLOOKUP($D56,'Master Sheet'!$B:$AA,5,FALSE),"") -> 018208042166 | K56: =IFERROR(VLOOKUP($D56,'Master Sheet'!$B:$AA,8,FALSE),"") -> 512.955
D57: CAMNIACUCE25 | G57: =IFERROR(VLOOKUP($D57,'Master Sheet'!$B:$AA,3,FALSE),"") -> USB Cable UC-E25 | I57: =IFERROR(VLOOKUP($D57,'Master Sheet'!$B:$AA,2,FALSE),"") -> VDU10801 | J57: =IFERROR(VLOOKUP($D57,'Master Sheet'!$B:$AA,5,FALSE),"") -> 018208042234 | K57: =IFERROR(VLOOKUP($D57,'Master Sheet'!$B:$AA,8,FALSE),"") -> 575.955
G58: =IFERROR(VLOOKUP($D58,'Master Sheet'!$B:$AA,3,FALSE),"") | I58: =IFERROR(VLOOKUP($D58,'Master Sheet'!$B:$AA,2,FALSE),"") | J58: =IFERROR(VLOOKUP($D58,'Master Sheet'!$B:$AA,5,FALSE),"") | K58: =IFERROR(VLOOKUP($D58,'Master Sheet'!$B:$AA,8,FALSE),"")
G59: =IFERROR(VLOOKUP($D59,'Master Sheet'!$B:$AA,3,FALSE),"") | I59: =IFERROR(VLOOKUP($D59,'Master Sheet'!$B:$AA,2,FALSE),"") | J59: =IFERROR(VLOOKUP($D59,'Master Sheet'!$B:$AA,5,FALSE),"") | K59: =IFERROR(VLOOKUP($D59,'Master Sheet'!$B:$AA,8,FALSE),"")

Sheet Z7 II
C3: Format
D4: FX
C5: Megapixels
D6: 45.7 MP
C7: Continuous Shooting
D8: 10 FPS
C10: ISO
D11: ISO 64–25600, ISO Expandable to 102,400
C13: Video
D14: 4K UHD 3,840 x 2,160 / 60 fps
C16: Memory
D17: Dual card slots, Cfexpress/XQD & SD
C19: Monitor Size
D20: 3.2 Inch Tilt Touch-LCD | G20: Intensive details. Extraordinary results.
C22: Order Code | G22: Details | I22: Product Code | J22: Barcode | K22: Dealer (Export)
D24: CAMNIILCZ7II | G24: =IFERROR(VLOOKUP($D24,'Master Sheet'!$B:$AA,3,FALSE),"") -> Nikon Z7 II Mirrorless Digital Camera Body | I24: =IFERROR(VLOOKUP($D24,'Master Sheet'!$B:$AA,2,FALSE),"") -> VOA070AM | J24: =IFERROR(VLOOKUP($D24,'Master Sheet'!$B:$AA,5,FALSE),"") -> 4960759905734 | K24: =IFERROR(VLOOKUP($D24,'Master Sheet'!$B:$AA,8,FALSE),"") -> 58697.955
D25: CAMNIILCZ7IIK001 | G25: =IFERROR(VLOOKUP($D25,'Master Sheet'!$B:$AA,3,FALSE),"") -> Nikon Z7 II Mirrorless Digital Camera+NIKKOR Z 24-70mm f/4 S Lens | I25: =IFERROR(VLOOKUP($D25,'Master Sheet'!$B:$AA,2,FALSE),"") -> 0 | J25: =IFERROR(VLOOKUP($D25,'Master Sheet'!$B:$AA,5,FALSE),"") -> 6009658262246 | K25: =IFERROR(VLOOKUP($D25,'Master Sheet'!$B:$AA,8,FALSE),"") -> 69650.955
G26: =IFERROR(VLOOKUP($D26,'Master Sheet'!$B:$AA,3,FALSE),"") | I26: =IFERROR(VLOOKUP($D26,'Master Sheet'!$B:$AA,2,FALSE),"") | J26: =IFERROR(VLOOKUP($D26,'Master Sheet'!$B:$AA,5,FALSE),"") | K26: =IFERROR(VLOOKUP($D26,'Master Sheet'!$B:$AA,8,FALSE),"")
C27: Body Cap
D28: CAMNIACILCBFN1 | G28: =IFERROR(VLOOKUP($D28,'Master Sheet'!$B:$AA,3,FALSE),"") -> BF-N1 Body Cap (Z-Series) | I28: =IFERROR(VLOOKUP($D28,'Master Sheet'!$B:$AA,2,FALSE),"") -> VOD00101 | J28: =IFERROR(VLOOKUP($D28,'Master Sheet'!$B:$AA,5,FALSE),"") -> 4960759901002 | K28: =IFERROR(VLOOKUP($D28,'Master Sheet'!$B:$AA,8,FALSE),"") -> 116.955
C30: Lens Adapter
D31: CAMNIACILCFTZII | G31: =IFERROR(VLOOKUP($D31,'Master Sheet'!$B:$AA,3,FALSE),"") -> FTZ II Mount Adapter | I31: =IFERROR(VLOOKUP($D31,'Master Sheet'!$B:$AA,2,FALSE),"") -> JMA905DA | J31: =IFERROR(VLOOKUP($D31,'Master Sheet'!$B:$AA,5,FALSE),"") -> 018208042647 | K31: =IFERROR(VLOOKUP($D31,'Master Sheet'!$B:$AA,8,FALSE),"") -> 4049.955
G32: =IFERROR(VLOOKUP($D32,'Master Sheet'!$B:$AA,3,FALSE),"") | I32: =IFERROR(VLOOKUP($D32,'Master Sheet'!$B:$AA,2,FALSE),"") | J32: =IFERROR(VLOOKUP($D32,'Master Sheet'!$B:$AA,5,FALSE),"") | K32: =IFERROR(VLOOKUP($D32,'Master Sheet'!$B:$AA,8,FALSE),"")
C33: Lenses
G34: (See Mirrorless Lenses Pricelist Sheets) | I34: =IFERROR(VLOOKUP($D34,'Master Sheet'!$B:$AA,2,FALSE),"") | J34: =IFERROR(VLOOKUP($D34,'Master Sheet'!$B:$AA,5,FALSE),"") | K34: =IFERROR(VLOOKUP($D34,'Master Sheet'!$B:$AA,8,FALSE),"")
G35: =IFERROR(VLOOKUP($D35,'Master Sheet'!$B:$AA,3,FALSE),"") | I35: =IFERROR(VLOOKUP($D35,'Master Sheet'!$B:$AA,2,FALSE),"") | J35: =IFERROR(VLOOKUP($D35,'Master Sheet'!$B:$AA,5,FALSE),"") | K35: =IFERROR(VLOOKUP($D35,'Master Sheet'!$B:$AA,8,FALSE),"")
C36: Speedlights/Flashes
G37: (See Speedlight Pricelist Sheets) | I37: =IFERROR(VLOOKUP($D37,'Master Sheet'!$B:$AA,2,FALSE),"") | J37: =IFERROR(VLOOKUP($D37,'Master Sheet'!$B:$AA,5,FALSE),"") | K37: =IFERROR(VLOOKUP($D37,'Master Sheet'!$B:$AA,8,FALSE),"")
G38: =IFERROR(VLOOKUP($D38,'Master Sheet'!$B:$AA,3,FALSE),"") | I38: =IFERROR(VLOOKUP($D38,'Master Sheet'!$B:$AA,2,FALSE),"") | J38: =IFERROR(VLOOKUP($D38,'Master Sheet'!$B:$AA,5,FALSE),"") | K38: =IFERROR(VLOOKUP($D38,'Master Sheet'!$B:$AA,8,FALSE),"")
C39: Power Accessories
D40: CAMNIACEH5D | G40: =IFERROR(VLOOKUP($D40,'Master Sheet'!$B:$AA,3,FALSE),"") -> AC Adapter EH-5d | I40: =IFERROR(VLOOKUP($D40,'Master Sheet'!$B:$AA,2,FALSE),"") -> VEB033EA | J40: =IFERROR(VLOOKUP($D40,'Master Sheet'!$B:$AA,5,FALSE),"") -> 4960759903143 | K40: =IFERROR(VLOOKUP($D40,'Master Sheet'!$B:$AA,8,FALSE),"") -> 1736.955
D41: CAMNIACILCEH7P | G41: =IFERROR(VLOOKUP($D41,'Master Sheet'!$B:$AA,3,FALSE),"") -> Charging AC Adapter EH-7P | I41: =IFERROR(VLOOKUP($D41,'Master Sheet'!$B:$AA,2,FALSE),"") -> VEB029BA | J41: =IFERROR(VLOOKUP($D41,'Master Sheet'!$B:$AA,5,FALSE),"") -> 4960759901958 | K41: =IFERROR(VLOOKUP($D41,'Master Sheet'!$B:$AA,8,FALSE),"") -> 917.955
D42: CAMNIACENEL15C | G42: =IFERROR(VLOOKUP($D42,'Master Sheet'!$B:$AA,3,FALSE),"") -> EN-EL15C RECHARGEABLE LI-ION BATTERY | I42: =IFERROR(VLOOKUP($D42,'Master Sheet'!$B:$AA,2,FALSE),"") -> VFB12802 | J42: =IFERROR(VLOOKUP($D42,'Master Sheet'!$B:$AA,5,FALSE),"") -> 4960759904393 | K42: =IFERROR(VLOOKUP($D42,'Master Sheet'!$B:$AA,8,FALSE),"") -> 1439.955
D43: CAMNIACEP5B | G43: =IFERROR(VLOOKUP($D43,'Master Sheet'!$B:$AA,3,FALSE),"") -> EP-5B POWER CONNECTOR - D7000/D7100/D600/D610/D800/E | I43: =IFERROR(VLOOKUP($D43,'Master Sheet'!$B:$AA,2,FALSE),"") -> VEB00901 | J43: =IFERROR(VLOOKUP($D43,'Master Sheet'!$B:$AA,5,FALSE),"") -> 018208270149 | K43: =IFERROR(VLOOKUP($D43,'Master Sheet'!$B:$AA,8,FALSE),"") -> 863.955
D44: CAMNIACILCMBN10 | G44: =IFERROR(VLOOKUP($D44,'Master Sheet'!$B:$AA,3,FALSE),"") -> Nikon MB-N10 battery pack for the Z6/Z7 | I44: =IFERROR(VLOOKUP($D44,'Master Sheet'!$B:$AA,2,FALSE),"") -> VFC00801 | J44: =IFERROR(VLOOKUP($D44,'Master Sheet'!$B:$AA,5,FALSE),"") -> 018208272044 | K44: =IFERROR(VLOOKUP($D44,'Master Sheet'!$B:$AA,8,FALSE),"") -> 5039.955
D45: CAMNIACILCMBN11 | G45: =IFERROR(VLOOKUP($D45,'Master Sheet'!$B:$AA,3,FALSE),"") -> Nikon MB-N11 battery pack for the Z6 II/Z7 II | I45: =IFERROR(VLOOKUP($D45,'Master Sheet'!$B:$AA,2,FALSE),"") -> VFC00901 | J45: =IFERROR(VLOOKUP($D45,'Master Sheet'!$B:$AA,5,FALSE),"") -> 018208272150 | K45: =IFERROR(VLOOKUP($D45,'Master Sheet'!$B:$AA,8,FALSE),"") -> 7559.955
D46: CAMNIACMH25A | G46: =IFERROR(VLOOKUP($D46,'Master Sheet'!$B:$AA,3,FALSE),"") -> MH-25A BATTERY CHARGER - EN-EL15 Battery | I46: =IFERROR(VLOOKUP($D46,'Master Sheet'!$B:$AA,2,FALSE),"") -> VEA016EA | J46: =IFERROR(VLOOKUP($D46,'Master Sheet'!$B:$AA,5,FALSE),"") -> 018208941704 | K46: =IFERROR(VLOOKUP($D46,'Master Sheet'!$B:$AA,8,FALSE),"") -> 1106.955
G47: =IFERROR(VLOOKUP($D47,'Master Sheet'!$B:$AA,3,FALSE),"") | I47: =IFERROR(VLOOKUP($D47,'Master Sheet'!$B:$AA,2,FALSE),"") | J47: =IFERROR(VLOOKUP($D47,'Master Sheet'!$B:$AA,5,FALSE),"") | K47: =IFERROR(VLOOKUP($D47,'Master Sheet'!$B:$AA,8,FALSE),"")
C48: Remotes & Releases
D49: CAMNIACMCDC3 | G49: =IFERROR(VLOOKUP($D49,'Master Sheet'!$B:$AA,3,FALSE),"") -> Nikon MC-DC3 Remote Release Cord | I49: =IFERROR(VLOOKUP($D49,'Master Sheet'!$B:$AA,2,FALSE),"") -> VDR01001 | J49: =IFERROR(VLOOKUP($D49,'Master Sheet'!$B:$AA,5,FALSE),"") -> No Barcode | K49: =IFERROR(VLOOKUP($D49,'Master Sheet'!$B:$AA,8,FALSE),"") -> 584.955
D50: CAMNIACMLL7 | G50: =IFERROR(VLOOKUP($D50,'Master Sheet'!$B:$AA,3,FALSE),"") -> ML-L7 REMOTE CONTROL | I50: =IFERROR(VLOOKUP($D50,'Master Sheet'!$B:$AA,2,FALSE),"") -> VAJ57201 | J50: =IFERROR(VLOOKUP($D50,'Master Sheet'!$B:$AA,5,FALSE),"") -> 018208259526 | K50: =IFERROR(VLOOKUP($D50,'Master Sheet'!$B:$AA,8,FALSE),"") -> 800.955
D51: CAMNIACWRT10 | G51: =IFERROR(VLOOKUP($D51,'Master Sheet'!$B:$AA,3,FALSE),"") -> WR-T10 WIRELESS REMOTE TRANSMITTER | I51: =IFERROR(VLOOKUP($D51,'Master Sheet'!$B:$AA,2,FALSE),"") -> VBJ003AE | J51: =IFERROR(VLOOKUP($D51,'Master Sheet'!$B:$AA,5,FALSE),"") -> 018208933525 | K51: =IFERROR(VLOOKUP($D51,'Master Sheet'!$B:$AA,8,FALSE),"") -> 1475.955
G52: =IFERROR(VLOOKUP($D52,'Master Sheet'!$B:$AA,3,FALSE),"") | I52: =IFERROR(VLOOKUP($D52,'Master Sheet'!$B:$AA,2,FALSE),"") | J52: =IFERROR(VLOOKUP($D52,'Master Sheet'!$B:$AA,5,FALSE),"") | K52: =IFERROR(VLOOKUP($D52,'Master Sheet'!$B:$AA,8,FALSE),"")
C53: Microphones
D54: CAMNIACME1 | G54: =IFERROR(VLOOKUP($D54,'Master Sheet'!$B:$AA,3,FALSE),"") -> ME-1 STEREO MICROPHONE | I54: =IFERROR(VLOOKUP($D54,'Master Sheet'!$B:$AA,2,FALSE),"") -> VBW30001 | J54: =IFERROR(VLOOKUP($D54,'Master Sheet'!$B:$AA,5,FALSE),"") -> 018208270453 | K54: =IFERROR(VLOOKUP($D54,'Master Sheet'!$B:$AA,8,FALSE),"") -> 3464.955
G55: =IFERROR(VLOOKUP($D55,'Master Sheet'!$B:$AA,3,FALSE),"") | I55: =IFERROR(VLOOKUP($D55,'Master Sheet'!$B:$AA,2,FALSE),"") | J55: =IFERROR(VLOOKUP($D55,'Master Sheet'!$B:$AA,5,FALSE),"") | K55: =IFERROR(VLOOKUP($D55,'Master Sheet'!$B:$AA,8,FALSE),"")
C56: Eyepieces
D57: CAMNIACILCDK29 | G57: =IFERROR(VLOOKUP($D57,'Master Sheet'!$B:$AA,3,FALSE),"") -> DK-29 RUBBER EYECUP (Z6 & Z7) | I57: =IFERROR(VLOOKUP($D57,'Master Sheet'!$B:$AA,2,FALSE),"") -> VOW00201 | J57: =IFERROR(VLOOKUP($D57,'Master Sheet'!$B:$AA,5,FALSE),"") -> 018208042210 | K57: =IFERROR(VLOOKUP($D57,'Master Sheet'!$B:$AA,8,FALSE),"") -> 134.955
G58: =IFERROR(VLOOKUP($D58,'Master Sheet'!$B:$AA,3,FALSE),"") | I58: =IFERROR(VLOOKUP($D58,'Master Sheet'!$B:$AA,2,FALSE),"") | J58: =IFERROR(VLOOKUP($D58,'Master Sheet'!$B:$AA,5,FALSE),"") | K58: =IFERROR(VLOOKUP($D58,'Master Sheet'!$B:$AA,8,FALSE),"")
C59: Cords & Cables
D60: CAMNIACUCE24 | G60: =IFERROR(VLOOKUP($D60,'Master Sheet'!$B:$AA,3,FALSE),"") -> USB Cable UC-E24 | I60: =IFERROR(VLOOKUP($D60,'Master Sheet'!$B:$AA,2,FALSE),"") -> VDU10701 | J60: =IFERROR(VLOOKUP($D60,'Master Sheet'!$B:$AA,5,FALSE),"") -> 018208042166 | K60: =IFERROR(VLOOKUP($D60,'Master Sheet'!$B:$AA,8,FALSE),"") -> 512.955
D61: CAMNIACUCE25 | G61: =IFERROR(VLOOKUP($D61,'Master Sheet'!$B:$AA,3,FALSE),"") -> USB Cable UC-E25 | I61: =IFERROR(VLOOKUP($D61,'Master Sheet'!$B:$AA,2,FALSE),"") -> VDU10801 | J61: =IFERROR(VLOOKUP($D61,'Master Sheet'!$B:$AA,5,FALSE),"") -> 018208042234 | K61: =IFERROR(VLOOKUP($D61,'Master Sheet'!$B:$AA,8,FALSE),"") -> 575.955
G62: =IFERROR(VLOOKUP($D62,'Master Sheet'!$B:$AA,3,FALSE),"") | I62: =IFERROR(VLOOKUP($D62,'Master Sheet'!$B:$AA,2,FALSE),"") | J62: =IFERROR(VLOOKUP($D62,'Master Sheet'!$B:$AA,5,FALSE),"") | K62: =IFERROR(VLOOKUP($D62,'Master Sheet'!$B:$AA,8,FALSE),"")
G63: =IFERROR(VLOOKUP($D63,'Master Sheet'!$B:$AA,3,FALSE),"") | I63: =IFERROR(VLOOKUP($D63,'Master Sheet'!$B:$AA,2,FALSE),"") | J63: =IFERROR(VLOOKUP($D63,'Master Sheet'!$B:$AA,5,FALSE),"") | K63: =IFERROR(VLOOKUP($D63,'Master Sheet'!$B:$AA,8,FALSE),"")

Sheet Z6 III
C3: Format
D4: FX
C5: Megapixels
D6: 24.5 MP
C7: Continuous Shooting
D8: 14 FPS
C10: ISO
D11: ISO 100-64,000, ISO Expandable to 204,800
C13: Video
D14: 4K UHD 3,840 x 2,160 / 30 fps
C16: Memory
D17: Dual CFexpress Type B card slots
C19: Monitor Size
D20: 3.2 Inch Diagonal Touch-LCD | G20: More powerful. More speed. More possibilities
C22: Order Code | G22: Details | I22: Product Code | J22: Barcode | K22: Dealer (Export)
D24: CAMNIILCZ6III | G24: =IFERROR(VLOOKUP($D24,'Master Sheet'!$B:$AA,3,FALSE),"") -> Nikon Z6 III Mirrorless Digital Camera Body | I24: =IFERROR(VLOOKUP($D24,'Master Sheet'!$B:$AA,2,FALSE),"") -> VOA130AM | J24: =IFERROR(VLOOKUP($D24,'Master Sheet'!$B:$AA,5,FALSE),"") -> 4960759916204 | K24: =IFERROR(VLOOKUP($D24,'Master Sheet'!$B:$AA,8,FALSE),"") -> 43046.955
G25: =IFERROR(VLOOKUP($D25,'Master Sheet'!$B:$AA,3,FALSE),"") | I25: =IFERROR(VLOOKUP($D25,'Master Sheet'!$B:$AA,2,FALSE),"") | J25: =IFERROR(VLOOKUP($D25,'Master Sheet'!$B:$AA,5,FALSE),"") | K25: =IFERROR(VLOOKUP($D25,'Master Sheet'!$B:$AA,8,FALSE),"")
C26: Body Cap
D27: CAMNIACILCBFN1 | G27: =IFERROR(VLOOKUP($D27,'Master Sheet'!$B:$AA,3,FALSE),"") -> BF-N1 Body Cap (Z-Series) | I27: =IFERROR(VLOOKUP($D27,'Master Sheet'!$B:$AA,2,FALSE),"") -> VOD00101 | J27: =IFERROR(VLOOKUP($D27,'Master Sheet'!$B:$AA,5,FALSE),"") -> 4960759901002 | K27: =IFERROR(VLOOKUP($D27,'Master Sheet'!$B:$AA,8,FALSE),"") -> 116.955
C29: Lens Adapter
D30: CAMNIACILCFTZII | G30: =IFERROR(VLOOKUP($D30,'Master Sheet'!$B:$AA,3,FALSE),"") -> FTZ II Mount Adapter | I30: =IFERROR(VLOOKUP($D30,'Master Sheet'!$B:$AA,2,FALSE),"") -> JMA905DA | J30: =IFERROR(VLOOKUP($D30,'Master Sheet'!$B:$AA,5,FALSE),"") -> 018208042647 | K30: =IFERROR(VLOOKUP($D30,'Master Sheet'!$B:$AA,8,FALSE),"") -> 4049.955
G31: =IFERROR(VLOOKUP($D31,'Master Sheet'!$B:$AA,3,FALSE),"") | I31: =IFERROR(VLOOKUP($D31,'Master Sheet'!$B:$AA,2,FALSE),"") | J31: =IFERROR(VLOOKUP($D31,'Master Sheet'!$B:$AA,5,FALSE),"") | K31: =IFERROR(VLOOKUP($D31,'Master Sheet'!$B:$AA,8,FALSE),"")
C32: Lenses
G33: (See Mirrorless Lenses Pricelist Sheets) | I33: =IFERROR(VLOOKUP($D33,'Master Sheet'!$B:$AA,2,FALSE),"") | J33: =IFERROR(VLOOKUP($D33,'Master Sheet'!$B:$AA,5,FALSE),"") | K33: =IFERROR(VLOOKUP($D33,'Master Sheet'!$B:$AA,8,FALSE),"")
G34: =IFERROR(VLOOKUP($D34,'Master Sheet'!$B:$AA,3,FALSE),"") | I34: =IFERROR(VLOOKUP($D34,'Master Sheet'!$B:$AA,2,FALSE),"") | J34: =IFERROR(VLOOKUP($D34,'Master Sheet'!$B:$AA,5,FALSE),"") | K34: =IFERROR(VLOOKUP($D34,'Master Sheet'!$B:$AA,8,FALSE),"")
C35: Speedlights/Flashes
G36: (See Speedlight Pricelist Sheets) | I36: =IFERROR(VLOOKUP($D36,'Master Sheet'!$B:$AA,2,FALSE),"") | J36: =IFERROR(VLOOKUP($D36,'Master Sheet'!$B:$AA,5,FALSE),"") | K36: =IFERROR(VLOOKUP($D36,'Master Sheet'!$B:$AA,8,FALSE),"")
G37: =IFERROR(VLOOKUP($D37,'Master Sheet'!$B:$AA,3,FALSE),"") | I37: =IFERROR(VLOOKUP($D37,'Master Sheet'!$B:$AA,2,FALSE),"") | J37: =IFERROR(VLOOKUP($D37,'Master Sheet'!$B:$AA,5,FALSE),"") | K37: =IFERROR(VLOOKUP($D37,'Master Sheet'!$B:$AA,8,FALSE),"")
C38: Power Accessories
D39: CAMNIACEH5D | G39: =IFERROR(VLOOKUP($D39,'Master Sheet'!$B:$AA,3,FALSE),"") -> AC Adapter EH-5d | I39: =IFERROR(VLOOKUP($D39,'Master Sheet'!$B:$AA,2,FALSE),"") -> VEB033EA | J39: =IFERROR(VLOOKUP($D39,'Master Sheet'!$B:$AA,5,FALSE),"") -> 4960759903143 | K39: =IFERROR(VLOOKUP($D39,'Master Sheet'!$B:$AA,8,FALSE),"") -> 1736.955
D40: CAMNIACILCEH7P | G40: =IFERROR(VLOOKUP($D40,'Master Sheet'!$B:$AA,3,FALSE),"") -> Charging AC Adapter EH-7P | I40: =IFERROR(VLOOKUP($D40,'Master Sheet'!$B:$AA,2,FALSE),"") -> VEB029BA | J40: =IFERROR(VLOOKUP($D40,'Master Sheet'!$B:$AA,5,FALSE),"") -> 4960759901958 | K40: =IFERROR(VLOOKUP($D40,'Master Sheet'!$B:$AA,8,FALSE),"") -> 917.955
D41: CAMNIACENEL15C | G41: =IFERROR(VLOOKUP($D41,'Master Sheet'!$B:$AA,3,FALSE),"") -> EN-EL15C RECHARGEABLE LI-ION BATTERY | I41: =IFERROR(VLOOKUP($D41,'Master Sheet'!$B:$AA,2,FALSE),"") -> VFB12802 | J41: =IFERROR(VLOOKUP($D41,'Master Sheet'!$B:$AA,5,FALSE),"") -> 4960759904393 | K41: =IFERROR(VLOOKUP($D41,'Master Sheet'!$B:$AA,8,FALSE),"") -> 1439.955
D42: CAMNIACEP5B | G42: =IFERROR(VLOOKUP($D42,'Master Sheet'!$B:$AA,3,FALSE),"") -> EP-5B POWER CONNECTOR - D7000/D7100/D600/D610/D800/E | I42: =IFERROR(VLOOKUP($D42,'Master Sheet'!$B:$AA,2,FALSE),"") -> VEB00901 | J42: =IFERROR(VLOOKUP($D42,'Master Sheet'!$B:$AA,5,FALSE),"") -> 018208270149 | K42: =IFERROR(VLOOKUP($D42,'Master Sheet'!$B:$AA,8,FALSE),"") -> 863.955
D43: CAMNIACILCMBN14 | G43: =IFERROR(VLOOKUP($D43,'Master Sheet'!$B:$AA,3,FALSE),"") -> Nikon MB-N14 Power battery pack for the Z6III | I43: =IFERROR(VLOOKUP($D43,'Master Sheet'!$B:$AA,2,FALSE),"") -> VFC01101 | J43: =IFERROR(VLOOKUP($D43,'Master Sheet'!$B:$AA,5,FALSE),"") -> 018208272402 | K43: =IFERROR(VLOOKUP($D43,'Master Sheet'!$B:$AA,8,FALSE),"") -> 8279.955
D44: CAMNIACMH25A | G44: =IFERROR(VLOOKUP($D44,'Master Sheet'!$B:$AA,3,FALSE),"") -> MH-25A BATTERY CHARGER - EN-EL15 Battery | I44: =IFERROR(VLOOKUP($D44,'Master Sheet'!$B:$AA,2,FALSE),"") -> VEA016EA | J44: =IFERROR(VLOOKUP($D44,'Master Sheet'!$B:$AA,5,FALSE),"") -> 018208941704 | K44: =IFERROR(VLOOKUP($D44,'Master Sheet'!$B:$AA,8,FALSE),"") -> 1106.955
G45: =IFERROR(VLOOKUP($D45,'Master Sheet'!$B:$AA,3,FALSE),"") | I45: =IFERROR(VLOOKUP($D45,'Master Sheet'!$B:$AA,2,FALSE),"") | J45: =IFERROR(VLOOKUP($D45,'Master Sheet'!$B:$AA,5,FALSE),"") | K45: =IFERROR(VLOOKUP($D45,'Master Sheet'!$B:$AA,8,FALSE),"")
C46: Remotes & Releases
D47: CAMNIACILMCN10 | G47: =IFERROR(VLOOKUP($D47,'Master Sheet'!$B:$AA,3,FALSE),"") -> Nikon MC-N10 Remote Grip | I47: =IFERROR(VLOOKUP($D47,'Master Sheet'!$B:$AA,2,FALSE),"") -> VDR009AA | J47: =IFERROR(VLOOKUP($D47,'Master Sheet'!$B:$AA,5,FALSE),"") -> 018208272303 | K47: =IFERROR(VLOOKUP($D47,'Master Sheet'!$B:$AA,8,FALSE),"") -> 9629.955
D48: CAMNIACMCDC3 | G48: =IFERROR(VLOOKUP($D48,'Master Sheet'!$B:$AA,3,FALSE),"") -> Nikon MC-DC3 Remote Release Cord | I48: =IFERROR(VLOOKUP($D48,'Master Sheet'!$B:$AA,2,FALSE),"") -> VDR01001 | J48: =IFERROR(VLOOKUP($D48,'Master Sheet'!$B:$AA,5,FALSE),"") -> No Barcode | K48: =IFERROR(VLOOKUP($D48,'Master Sheet'!$B:$AA,8,FALSE),"") -> 584.955
D49: CAMNIACMLL7 | G49: =IFERROR(VLOOKUP($D49,'Master Sheet'!$B:$AA,3,FALSE),"") -> ML-L7 REMOTE CONTROL | I49: =IFERROR(VLOOKUP($D49,'Master Sheet'!$B:$AA,2,FALSE),"") -> VAJ57201 | J49: =IFERROR(VLOOKUP($D49,'Master Sheet'!$B:$AA,5,FALSE),"") -> 018208259526 | K49: =IFERROR(VLOOKUP($D49,'Master Sheet'!$B:$AA,8,FALSE),"") -> 800.955
D50: CAMNIACWRT10 | G50: =IFERROR(VLOOKUP($D50,'Master Sheet'!$B:$AA,3,FALSE),"") -> WR-T10 WIRELESS REMOTE TRANSMITTER | I50: =IFERROR(VLOOKUP($D50,'Master Sheet'!$B:$AA,2,FALSE),"") -> VBJ003AE | J50: =IFERROR(VLOOKUP($D50,'Master Sheet'!$B:$AA,5,FALSE),"") -> 018208933525 | K50: =IFERROR(VLOOKUP($D50,'Master Sheet'!$B:$AA,8,FALSE),"") -> 1475.955
G51: =IFERROR(VLOOKUP($D51,'Master Sheet'!$B:$AA,3,FALSE),"") | I51: =IFERROR(VLOOKUP($D51,'Master Sheet'!$B:$AA,2,FALSE),"") | J51: =IFERROR(VLOOKUP($D51,'Master Sheet'!$B:$AA,5,FALSE),"") | K51: =IFERROR(VLOOKUP($D51,'Master Sheet'!$B:$AA,8,FALSE),"")
C52: Microphones
D53: CAMNIACME1 | G53: =IFERROR(VLOOKUP($D53,'Master Sheet'!$B:$AA,3,FALSE),"") -> ME-1 STEREO MICROPHONE | I53: =IFERROR(VLOOKUP($D53,'Master Sheet'!$B:$AA,2,FALSE),"") -> VBW30001 | J53: =IFERROR(VLOOKUP($D53,'Master Sheet'!$B:$AA,5,FALSE),"") -> 018208270453 | K53: =IFERROR(VLOOKUP($D53,'Master Sheet'!$B:$AA,8,FALSE),"") -> 3464.955
G54: =IFERROR(VLOOKUP($D54,'Master Sheet'!$B:$AA,3,FALSE),"") | I54: =IFERROR(VLOOKUP($D54,'Master Sheet'!$B:$AA,2,FALSE),"") | J54: =IFERROR(VLOOKUP($D54,'Master Sheet'!$B:$AA,5,FALSE),"") | K54: =IFERROR(VLOOKUP($D54,'Master Sheet'!$B:$AA,8,FALSE),"")
C55: Eyepieces
D56: CAMNIACILCDK29 | G56: =IFERROR(VLOOKUP($D56,'Master Sheet'!$B:$AA,3,FALSE),"") -> DK-29 RUBBER EYECUP (Z6 & Z7) | I56: =IFERROR(VLOOKUP($D56,'Master Sheet'!$B:$AA,2,FALSE),"") -> VOW00201 | J56: =IFERROR(VLOOKUP($D56,'Master Sheet'!$B:$AA,5,FALSE),"") -> 018208042210 | K56: =IFERROR(VLOOKUP($D56,'Master Sheet'!$B:$AA,8,FALSE),"") -> 134.955
G57: =IFERROR(VLOOKUP($D57,'Master Sheet'!$B:$AA,3,FALSE),"") | I57: =IFERROR(VLOOKUP($D57,'Master Sheet'!$B:$AA,2,FALSE),"") | J57: =IFERROR(VLOOKUP($D57,'Master Sheet'!$B:$AA,5,FALSE),"") | K57: =IFERROR(VLOOKUP($D57,'Master Sheet'!$B:$AA,8,FALSE),"")
C58: Cords & Cables
D59: CAMNIACUCE24 | G59: =IFERROR(VLOOKUP($D59,'Master Sheet'!$B:$AA,3,FALSE),"") -> USB Cable UC-E24 | I59: =IFERROR(VLOOKUP($D59,'Master Sheet'!$B:$AA,2,FALSE),"") -> VDU10701 | J59: =IFERROR(VLOOKUP($D59,'Master Sheet'!$B:$AA,5,FALSE),"") -> 018208042166 | K59: =IFERROR(VLOOKUP($D59,'Master Sheet'!$B:$AA,8,FALSE),"") -> 512.955
D60: CAMNIACUCE25 | G60: =IFERROR(VLOOKUP($D60,'Master Sheet'!$B:$AA,3,FALSE),"") -> USB Cable UC-E25 | I60: =IFERROR(VLOOKUP($D60,'Master Sheet'!$B:$AA,2,FALSE),"") -> VDU10801 | J60: =IFERROR(VLOOKUP($D60,'Master Sheet'!$B:$AA,5,FALSE),"") -> 018208042234 | K60: =IFERROR(VLOOKUP($D60,'Master Sheet'!$B:$AA,8,FALSE),"") -> 575.955
G61: =IFERROR(VLOOKUP($D61,'Master Sheet'!$B:$AA,3,FALSE),"") | I61: =IFERROR(VLOOKUP($D61,'Master Sheet'!$B:$AA,2,FALSE),"") | J61: =IFERROR(VLOOKUP($D61,'Master Sheet'!$B:$AA,5,FALSE),"") | K61: =IFERROR(VLOOKUP($D61,'Master Sheet'!$B:$AA,8,FALSE),"")
G62: =IFERROR(VLOOKUP($D62,'Master Sheet'!$B:$AA,3,FALSE),"") | I62: =IFERROR(VLOOKUP($D62,'Master Sheet'!$B:$AA,2,FALSE),"") | J62: =IFERROR(VLOOKUP($D62,'Master Sheet'!$B:$AA,5,FALSE),"") | K62: =IFERROR(VLOOKUP($D62,'Master Sheet'!$B:$AA,8,FALSE),"")

Sheet Z6 II
C3: Format
D4: FX
C5: Megapixels
D6: 24.5 MP
C7: Continuous Shooting
D8: 14 FPS
C10: ISO
D11: ISO 100-51,200, ISO Expandable to 204,800
C13: Video
D14: 4K UHD 3,840 x 2,160 / 30 fps
C16: Memory
D17: Dual CFexpress Type B card slots
C19: Monitor Size
D20: 3.2 Inch Tilt Touch-LCD | G20: More powerful. More speed. More possibilities
C22: Order Code | G22: Details | I22: Product Code | J22: Barcode | K22: Dealer (Export)
D24: CAMNIILCZ6II | G24: =IFERROR(VLOOKUP($D24,'Master Sheet'!$B:$AA,3,FALSE),"") -> Nikon Z6 II Mirrorless Digital Camera Body | I24: =IFERROR(VLOOKUP($D24,'Master Sheet'!$B:$AA,2,FALSE),"") -> VOA060AM | J24: =IFERROR(VLOOKUP($D24,'Master Sheet'!$B:$AA,5,FALSE),"") -> 4960759905949 | K24: =IFERROR(VLOOKUP($D24,'Master Sheet'!$B:$AA,8,FALSE),"") -> 39131.955
D25: CAMNIILCZ6IIK001 | G25: =IFERROR(VLOOKUP($D25,'Master Sheet'!$B:$AA,3,FALSE),"") -> Nikon Z6 II Mirrorless Digital Camera+NIKKOR Z 24-70mm f/4 S Lens | I25: =IFERROR(VLOOKUP($D25,'Master Sheet'!$B:$AA,2,FALSE),"") -> 0 | J25: =IFERROR(VLOOKUP($D25,'Master Sheet'!$B:$AA,5,FALSE),"") -> 6009658262215 | K25: =IFERROR(VLOOKUP($D25,'Master Sheet'!$B:$AA,8,FALSE),"") -> 50084.955
G26: =IFERROR(VLOOKUP($D26,'Master Sheet'!$B:$AA,3,FALSE),"") | I26: =IFERROR(VLOOKUP($D26,'Master Sheet'!$B:$AA,2,FALSE),"") | J26: =IFERROR(VLOOKUP($D26,'Master Sheet'!$B:$AA,5,FALSE),"") | K26: =IFERROR(VLOOKUP($D26,'Master Sheet'!$B:$AA,8,FALSE),"")
C27: Body Cap
D28: CAMNIACILCBFN1 | G28: =IFERROR(VLOOKUP($D28,'Master Sheet'!$B:$AA,3,FALSE),"") -> BF-N1 Body Cap (Z-Series) | I28: =IFERROR(VLOOKUP($D28,'Master Sheet'!$B:$AA,2,FALSE),"") -> VOD00101 | J28: =IFERROR(VLOOKUP($D28,'Master Sheet'!$B:$AA,5,FALSE),"") -> 4960759901002 | K28: =IFERROR(VLOOKUP($D28,'Master Sheet'!$B:$AA,8,FALSE),"") -> 116.955
C30: Lens Adapter
D31: CAMNIACILCFTZII | G31: =IFERROR(VLOOKUP($D31,'Master Sheet'!$B:$AA,3,FALSE),"") -> FTZ II Mount Adapter | I31: =IFERROR(VLOOKUP($D31,'Master Sheet'!$B:$AA,2,FALSE),"") -> JMA905DA | J31: =IFERROR(VLOOKUP($D31,'Master Sheet'!$B:$AA,5,FALSE),"") -> 018208042647 | K31: =IFERROR(VLOOKUP($D31,'Master Sheet'!$B:$AA,8,FALSE),"") -> 4049.955
G32: =IFERROR(VLOOKUP($D32,'Master Sheet'!$B:$AA,3,FALSE),"") | I32: =IFERROR(VLOOKUP($D32,'Master Sheet'!$B:$AA,2,FALSE),"") | J32: =IFERROR(VLOOKUP($D32,'Master Sheet'!$B:$AA,5,FALSE),"") | K32: =IFERROR(VLOOKUP($D32,'Master Sheet'!$B:$AA,8,FALSE),"")
C33: Lenses
G34: (See Mirrorless Lenses Pricelist Sheets) | I34: =IFERROR(VLOOKUP($D34,'Master Sheet'!$B:$AA,2,FALSE),"") | J34: =IFERROR(VLOOKUP($D34,'Master Sheet'!$B:$AA,5,FALSE),"") | K34: =IFERROR(VLOOKUP($D34,'Master Sheet'!$B:$AA,8,FALSE),"")
G35: =IFERROR(VLOOKUP($D35,'Master Sheet'!$B:$AA,3,FALSE),"") | I35: =IFERROR(VLOOKUP($D35,'Master Sheet'!$B:$AA,2,FALSE),"") | J35: =IFERROR(VLOOKUP($D35,'Master Sheet'!$B:$AA,5,FALSE),"") | K35: =IFERROR(VLOOKUP($D35,'Master Sheet'!$B:$AA,8,FALSE),"")
C36: Speedlights/Flashes
G37: (See Speedlight Pricelist Sheets) | I37: =IFERROR(VLOOKUP($D37,'Master Sheet'!$B:$AA,2,FALSE),"") | J37: =IFERROR(VLOOKUP($D37,'Master Sheet'!$B:$AA,5,FALSE),"") | K37: =IFERROR(VLOOKUP($D37,'Master Sheet'!$B:$AA,8,FALSE),"")
G38: =IFERROR(VLOOKUP($D38,'Master Sheet'!$B:$AA,3,FALSE),"") | I38: =IFERROR(VLOOKUP($D38,'Master Sheet'!$B:$AA,2,FALSE),"") | J38: =IFERROR(VLOOKUP($D38,'Master Sheet'!$B:$AA,5,FALSE),"") | K38: =IFERROR(VLOOKUP($D38,'Master Sheet'!$B:$AA,8,FALSE),"")
C39: Power Accessories
D40: CAMNIACEH5D | G40: =IFERROR(VLOOKUP($D40,'Master Sheet'!$B:$AA,3,FALSE),"") -> AC Adapter EH-5d | I40: =IFERROR(VLOOKUP($D40,'Master Sheet'!$B:$AA,2,FALSE),"") -> VEB033EA | J40: =IFERROR(VLOOKUP($D40,'Master Sheet'!$B:$AA,5,FALSE),"") -> 4960759903143 | K40: =IFERROR(VLOOKUP($D40,'Master Sheet'!$B:$AA,8,FALSE),"") -> 1736.955
D41: CAMNIACILCEH7P | G41: =IFERROR(VLOOKUP($D41,'Master Sheet'!$B:$AA,3,FALSE),"") -> Charging AC Adapter EH-7P | I41: =IFERROR(VLOOKUP($D41,'Master Sheet'!$B:$AA,2,FALSE),"") -> VEB029BA | J41: =IFERROR(VLOOKUP($D41,'Master Sheet'!$B:$AA,5,FALSE),"") -> 4960759901958 | K41: =IFERROR(VLOOKUP($D41,'Master Sheet'!$B:$AA,8,FALSE),"") -> 917.955
D42: CAMNIACENEL15C | G42: =IFERROR(VLOOKUP($D42,'Master Sheet'!$B:$AA,3,FALSE),"") -> EN-EL15C RECHARGEABLE LI-ION BATTERY | I42: =IFERROR(VLOOKUP($D42,'Master Sheet'!$B:$AA,2,FALSE),"") -> VFB12802 | J42: =IFERROR(VLOOKUP($D42,'Master Sheet'!$B:$AA,5,FALSE),"") -> 4960759904393 | K42: =IFERROR(VLOOKUP($D42,'Master Sheet'!$B:$AA,8,FALSE),"") -> 1439.955
D43: CAMNIACEP5B | G43: =IFERROR(VLOOKUP($D43,'Master Sheet'!$B:$AA,3,FALSE),"") -> EP-5B POWER CONNECTOR - D7000/D7100/D600/D610/D800/E | I43: =IFERROR(VLOOKUP($D43,'Master Sheet'!$B:$AA,2,FALSE),"") -> VEB00901 | J43: =IFERROR(VLOOKUP($D43,'Master Sheet'!$B:$AA,5,FALSE),"") -> 018208270149 | K43: =IFERROR(VLOOKUP($D43,'Master Sheet'!$B:$AA,8,FALSE),"") -> 863.955
D44: CAMNIACILCMBN10 | G44: =IFERROR(VLOOKUP($D44,'Master Sheet'!$B:$AA,3,FALSE),"") -> Nikon MB-N10 battery pack for the Z6/Z7 | I44: =IFERROR(VLOOKUP($D44,'Master Sheet'!$B:$AA,2,FALSE),"") -> VFC00801 | J44: =IFERROR(VLOOKUP($D44,'Master Sheet'!$B:$AA,5,FALSE),"") -> 018208272044 | K44: =IFERROR(VLOOKUP($D44,'Master Sheet'!$B:$AA,8,FALSE),"") -> 5039.955
D45: CAMNIACILCMBN11 | G45: =IFERROR(VLOOKUP($D45,'Master Sheet'!$B:$AA,3,FALSE),"") -> Nikon MB-N11 battery pack for the Z6 II/Z7 II | I45: =IFERROR(VLOOKUP($D45,'Master Sheet'!$B:$AA,2,FALSE),"") -> VFC00901 | J45: =IFERROR(VLOOKUP($D45,'Master Sheet'!$B:$AA,5,FALSE),"") -> 018208272150 | K45: =IFERROR(VLOOKUP($D45,'Master Sheet'!$B:$AA,8,FALSE),"") -> 7559.955
D46: CAMNIACMH25A | G46: =IFERROR(VLOOKUP($D46,'Master Sheet'!$B:$AA,3,FALSE),"") -> MH-25A BATTERY CHARGER - EN-EL15 Battery | I46: =IFERROR(VLOOKUP($D46,'Master Sheet'!$B:$AA,2,FALSE),"") -> VEA016EA | J46: =IFERROR(VLOOKUP($D46,'Master Sheet'!$B:$AA,5,FALSE),"") -> 018208941704 | K46: =IFERROR(VLOOKUP($D46,'Master Sheet'!$B:$AA,8,FALSE),"") -> 1106.955
G47: =IFERROR(VLOOKUP($D47,'Master Sheet'!$B:$AA,3,FALSE),"") | I47: =IFERROR(VLOOKUP($D47,'Master Sheet'!$B:$AA,2,FALSE),"") | J47: =IFERROR(VLOOKUP($D47,'Master Sheet'!$B:$AA,5,FALSE),"") | K47: =IFERROR(VLOOKUP($D47,'Master Sheet'!$B:$AA,8,FALSE),"")
C48: Remotes & Releases
D49: CAMNIACMCDC3 | G49: =IFERROR(VLOOKUP($D49,'Master Sheet'!$B:$AA,3,FALSE),"") -> Nikon MC-DC3 Remote Release Cord | I49: =IFERROR(VLOOKUP($D49,'Master Sheet'!$B:$AA,2,FALSE),"") -> VDR01001 | J49: =IFERROR(VLOOKUP($D49,'Master Sheet'!$B:$AA,5,FALSE),"") -> No Barcode | K49: =IFERROR(VLOOKUP($D49,'Master Sheet'!$B:$AA,8,FALSE),"") -> 584.955
D50: CAMNIACMLL7 | G50: =IFERROR(VLOOKUP($D50,'Master Sheet'!$B:$AA,3,FALSE),"") -> ML-L7 REMOTE CONTROL | I50: =IFERROR(VLOOKUP($D50,'Master Sheet'!$B:$AA,2,FALSE),"") -> VAJ57201 | J50: =IFERROR(VLOOKUP($D50,'Master Sheet'!$B:$AA,5,FALSE),"") -> 018208259526 | K50: =IFERROR(VLOOKUP($D50,'Master Sheet'!$B:$AA,8,FALSE),"") -> 800.955
D51: CAMNIACWRT10 | G51: =IFERROR(VLOOKUP($D51,'Master Sheet'!$B:$AA,3,FALSE),"") -> WR-T10 WIRELESS REMOTE TRANSMITTER | I51: =IFERROR(VLOOKUP($D51,'Master Sheet'!$B:$AA,2,FALSE),"") -> VBJ003AE | J51: =IFERROR(VLOOKUP($D51,'Master Sheet'!$B:$AA,5,FALSE),"") -> 018208933525 | K51: =IFERROR(VLOOKUP($D51,'Master Sheet'!$B:$AA,8,FALSE),"") -> 1475.955
G52: =IFERROR(VLOOKUP($D52,'Master Sheet'!$B:$AA,3,FALSE),"") | I52: =IFERROR(VLOOKUP($D52,'Master Sheet'!$B:$AA,2,FALSE),"") | J52: =IFERROR(VLOOKUP($D52,'Master Sheet'!$B:$AA,5,FALSE),"") | K52: =IFERROR(VLOOKUP($D52,'Master Sheet'!$B:$AA,8,FALSE),"")
C53: Microphones
D54: CAMNIACME1 | G54: =IFERROR(VLOOKUP($D54,'Master Sheet'!$B:$AA,3,FALSE),"") -> ME-1 STEREO MICROPHONE | I54: =IFERROR(VLOOKUP($D54,'Master Sheet'!$B:$AA,2,FALSE),"") -> VBW30001 | J54: =IFERROR(VLOOKUP($D54,'Master Sheet'!$B:$AA,5,FALSE),"") -> 018208270453 | K54: =IFERROR(VLOOKUP($D54,'Master Sheet'!$B:$AA,8,FALSE),"") -> 3464.955
G55: =IFERROR(VLOOKUP($D55,'Master Sheet'!$B:$AA,3,FALSE),"") | I55: =IFERROR(VLOOKUP($D55,'Master Sheet'!$B:$AA,2,FALSE),"") | J55: =IFERROR(VLOOKUP($D55,'Master Sheet'!$B:$AA,5,FALSE),"") | K55: =IFERROR(VLOOKUP($D55,'Master Sheet'!$B:$AA,8,FALSE),"")
C56: Eyepieces
D57: CAMNIACILCDK29 | G57: =IFERROR(VLOOKUP($D57,'Master Sheet'!$B:$AA,3,FALSE),"") -> DK-29 RUBBER EYECUP (Z6 & Z7) | I57: =IFERROR(VLOOKUP($D57,'Master Sheet'!$B:$AA,2,FALSE),"") -> VOW00201 | J57: =IFERROR(VLOOKUP($D57,'Master Sheet'!$B:$AA,5,FALSE),"") -> 018208042210 | K57: =IFERROR(VLOOKUP($D57,'Master Sheet'!$B:$AA,8,FALSE),"") -> 134.955
G58: =IFERROR(VLOOKUP($D58,'Master Sheet'!$B:$AA,3,FALSE),"") | I58: =IFERROR(VLOOKUP($D58,'Master Sheet'!$B:$AA,2,FALSE),"") | J58: =IFERROR(VLOOKUP($D58,'Master Sheet'!$B:$AA,5,FALSE),"") | K58: =IFERROR(VLOOKUP($D58,'Master Sheet'!$B:$AA,8,FALSE),"")
C59: Cords & Cables
D60: CAMNIACUCE24 | G60: =IFERROR(VLOOKUP($D60,'Master Sheet'!$B:$AA,3,FALSE),"") -> USB Cable UC-E24 | I60: =IFERROR(VLOOKUP($D60,'Master Sheet'!$B:$AA,2,FALSE),"") -> VDU10701 | J60: =IFERROR(VLOOKUP($D60,'Master Sheet'!$B:$AA,5,FALSE),"") -> 018208042166 | K60: =IFERROR(VLOOKUP($D60,'Master Sheet'!$B:$AA,8,FALSE),"") -> 512.955
D61: CAMNIACUCE25 | G61: =IFERROR(VLOOKUP($D61,'Master Sheet'!$B:$AA,3,FALSE),"") -> USB Cable UC-E25 | I61: =IFERROR(VLOOKUP($D61,'Master Sheet'!$B:$AA,2,FALSE),"") -> VDU10801 | J61: =IFERROR(VLOOKUP($D61,'Master Sheet'!$B:$AA,5,FALSE),"") -> 018208042234 | K61: =IFERROR(VLOOKUP($D61,'Master Sheet'!$B:$AA,8,FALSE),"") -> 575.955
G62: =IFERROR(VLOOKUP($D62,'Master Sheet'!$B:$AA,3,FALSE),"") | I62: =IFERROR(VLOOKUP($D62,'Master Sheet'!$B:$AA,2,FALSE),"") | J62: =IFERROR(VLOOKUP($D62,'Master Sheet'!$B:$AA,5,FALSE),"") | K62: =IFERROR(VLOOKUP($D62,'Master Sheet'!$B:$AA,8,FALSE),"")
G63: =IFERROR(VLOOKUP($D63,'Master Sheet'!$B:$AA,3,FALSE),"") | I63: =IFERROR(VLOOKUP($D63,'Master Sheet'!$B:$AA,2,FALSE),"") | J63: =IFERROR(VLOOKUP($D63,'Master Sheet'!$B:$AA,5,FALSE),"") | K63: =IFERROR(VLOOKUP($D63,'Master Sheet'!$B:$AA,8,FALSE),"")

Sheet Z5
C3: Format
D4: FX
C5: Megapixels
D6: 24.3 MP
C7: Continuous Shooting
D8: 4.5 FPS
C10: ISO
D11: 100 to 51200. ISO Expandable to 102,400
C13: Video
D14: 4K/30p and 1080/120p video
C16: Memory
D17: Dual SD UHS-I/SDHC/SDXC
C19: Monitor Size
D20: 3.2 Inch Tilt Touch-LCD | G20: Compact yet powerful. Simple yet sophisticated.
C22: Order Code | G22: Details | I22: Product Code | J22: Barcode | K22: Dealer (Export)
D24: CAMNIILCZ5 | G24: =IFERROR(VLOOKUP($D24,'Master Sheet'!$B:$AA,3,FALSE),"") -> Nikon Z5 Mirrorless Digital Camera (Body Only) | I24: =IFERROR(VLOOKUP($D24,'Master Sheet'!$B:$AA,2,FALSE),"") -> VOA040AM | J24: =IFERROR(VLOOKUP($D24,'Master Sheet'!$B:$AA,5,FALSE),"") -> 4960759912596 | K24: =IFERROR(VLOOKUP($D24,'Master Sheet'!$B:$AA,8,FALSE),"") -> 24263.955
D25: CAMNIILCZ5K001 | G25: =IFERROR(VLOOKUP($D25,'Master Sheet'!$B:$AA,3,FALSE),"") -> Nikon Z5 Mirrorless Digital Camera+Z 24-50mm f3.5-6.3 Lens | I25: =IFERROR(VLOOKUP($D25,'Master Sheet'!$B:$AA,2,FALSE),"") -> 0 | J25: =IFERROR(VLOOKUP($D25,'Master Sheet'!$B:$AA,5,FALSE),"") -> 6009658262048 | K25: =IFERROR(VLOOKUP($D25,'Master Sheet'!$B:$AA,8,FALSE),"") -> 29744.955
G26: =IFERROR(VLOOKUP($D26,'Master Sheet'!$B:$AA,3,FALSE),"") | I26: =IFERROR(VLOOKUP($D26,'Master Sheet'!$B:$AA,2,FALSE),"") | J26: =IFERROR(VLOOKUP($D26,'Master Sheet'!$B:$AA,5,FALSE),"") | K26: =IFERROR(VLOOKUP($D26,'Master Sheet'!$B:$AA,8,FALSE),"")
C27: Body Cap
D28: CAMNIACILCBFN1 | G28: =IFERROR(VLOOKUP($D28,'Master Sheet'!$B:$AA,3,FALSE),"") -> BF-N1 Body Cap (Z-Series) | I28: =IFERROR(VLOOKUP($D28,'Master Sheet'!$B:$AA,2,FALSE),"") -> VOD00101 | J28: =IFERROR(VLOOKUP($D28,'Master Sheet'!$B:$AA,5,FALSE),"") -> 4960759901002 | K28: =IFERROR(VLOOKUP($D28,'Master Sheet'!$B:$AA,8,FALSE),"") -> 116.955
C30: Lens Adapter
D31: CAMNIACILCFTZII | G31: =IFERROR(VLOOKUP($D31,'Master Sheet'!$B:$AA,3,FALSE),"") -> FTZ II Mount Adapter | I31: =IFERROR(VLOOKUP($D31,'Master Sheet'!$B:$AA,2,FALSE),"") -> JMA905DA | J31: =IFERROR(VLOOKUP($D31,'Master Sheet'!$B:$AA,5,FALSE),"") -> 018208042647 | K31: =IFERROR(VLOOKUP($D31,'Master Sheet'!$B:$AA,8,FALSE),"") -> 4049.955
G32: =IFERROR(VLOOKUP($D32,'Master Sheet'!$B:$AA,3,FALSE),"") | I32: =IFERROR(VLOOKUP($D32,'Master Sheet'!$B:$AA,2,FALSE),"") | J32: =IFERROR(VLOOKUP($D32,'Master Sheet'!$B:$AA,5,FALSE),"") | K32: =IFERROR(VLOOKUP($D32,'Master Sheet'!$B:$AA,8,FALSE),"")
C33: Lenses
G34: (See Mirrorless Lenses Pricelist Sheets) | I34: =IFERROR(VLOOKUP($D34,'Master Sheet'!$B:$AA,2,FALSE),"") | J34: =IFERROR(VLOOKUP($D34,'Master Sheet'!$B:$AA,5,FALSE),"") | K34: =IFERROR(VLOOKUP($D34,'Master Sheet'!$B:$AA,8,FALSE),"")
G35: =IFERROR(VLOOKUP($D35,'Master Sheet'!$B:$AA,3,FALSE),"") | I35: =IFERROR(VLOOKUP($D35,'Master Sheet'!$B:$AA,2,FALSE),"") | J35: =IFERROR(VLOOKUP($D35,'Master Sheet'!$B:$AA,5,FALSE),"") | K35: =IFERROR(VLOOKUP($D35,'Master Sheet'!$B:$AA,8,FALSE),"")
C36: Speedlights/Flashes
G37: (See Speedlight Pricelist Sheets) | I37: =IFERROR(VLOOKUP($D37,'Master Sheet'!$B:$AA,2,FALSE),"") | J37: =IFERROR(VLOOKUP($D37,'Master Sheet'!$B:$AA,5,FALSE),"") | K37: =IFERROR(VLOOKUP($D37,'Master Sheet'!$B:$AA,8,FALSE),"")
G38: =IFERROR(VLOOKUP($D38,'Master Sheet'!$B:$AA,3,FALSE),"") | I38: =IFERROR(VLOOKUP($D38,'Master Sheet'!$B:$AA,2,FALSE),"") | J38: =IFERROR(VLOOKUP($D38,'Master Sheet'!$B:$AA,5,FALSE),"") | K38: =IFERROR(VLOOKUP($D38,'Master Sheet'!$B:$AA,8,FALSE),"")
C39: Power Accessories
D40: CAMNIACEH5D | G40: =IFERROR(VLOOKUP($D40,'Master Sheet'!$B:$AA,3,FALSE),"") -> AC Adapter EH-5d | I40: =IFERROR(VLOOKUP($D40,'Master Sheet'!$B:$AA,2,FALSE),"") -> VEB033EA | J40: =IFERROR(VLOOKUP($D40,'Master Sheet'!$B:$AA,5,FALSE),"") -> 4960759903143 | K40: =IFERROR(VLOOKUP($D40,'Master Sheet'!$B:$AA,8,FALSE),"") -> 1736.955
D41: CAMNIACILCEH7P | G41: =IFERROR(VLOOKUP($D41,'Master Sheet'!$B:$AA,3,FALSE),"") -> Charging AC Adapter EH-7P | I41: =IFERROR(VLOOKUP($D41,'Master Sheet'!$B:$AA,2,FALSE),"") -> VEB029BA | J41: =IFERROR(VLOOKUP($D41,'Master Sheet'!$B:$AA,5,FALSE),"") -> 4960759901958 | K41: =IFERROR(VLOOKUP($D41,'Master Sheet'!$B:$AA,8,FALSE),"") -> 917.955
D42: CAMNIACENEL15C | G42: =IFERROR(VLOOKUP($D42,'Master Sheet'!$B:$AA,3,FALSE),"") -> EN-EL15C RECHARGEABLE LI-ION BATTERY | I42: =IFERROR(VLOOKUP($D42,'Master Sheet'!$B:$AA,2,FALSE),"") -> VFB12802 | J42: =IFERROR(VLOOKUP($D42,'Master Sheet'!$B:$AA,5,FALSE),"") -> 4960759904393 | K42: =IFERROR(VLOOKUP($D42,'Master Sheet'!$B:$AA,8,FALSE),"") -> 1439.955
D43: CAMNIACEP5B | G43: =IFERROR(VLOOKUP($D43,'Master Sheet'!$B:$AA,3,FALSE),"") -> EP-5B POWER CONNECTOR - D7000/D7100/D600/D610/D800/E | I43: =IFERROR(VLOOKUP($D43,'Master Sheet'!$B:$AA,2,FALSE),"") -> VEB00901 | J43: =IFERROR(VLOOKUP($D43,'Master Sheet'!$B:$AA,5,FALSE),"") -> 018208270149 | K43: =IFERROR(VLOOKUP($D43,'Master Sheet'!$B:$AA,8,FALSE),"") -> 863.955
D44: CAMNIACILCMBN10 | G44: =IFERROR(VLOOKUP($D44,'Master Sheet'!$B:$AA,3,FALSE),"") -> Nikon MB-N10 battery pack for the Z6/Z7 | I44: =IFERROR(VLOOKUP($D44,'Master Sheet'!$B:$AA,2,FALSE),"") -> VFC00801 | J44: =IFERROR(VLOOKUP($D44,'Master Sheet'!$B:$AA,5,FALSE),"") -> 018208272044 | K44: =IFERROR(VLOOKUP($D44,'Master Sheet'!$B:$AA,8,FALSE),"") -> 5039.955
D45: CAMNIACMH25A | G45: =IFERROR(VLOOKUP($D45,'Master Sheet'!$B:$AA,3,FALSE),"") -> MH-25A BATTERY CHARGER - EN-EL15 Battery | I45: =IFERROR(VLOOKUP($D45,'Master Sheet'!$B:$AA,2,FALSE),"") -> VEA016EA | J45: =IFERROR(VLOOKUP($D45,'Master Sheet'!$B:$AA,5,FALSE),"") -> 018208941704 | K45: =IFERROR(VLOOKUP($D45,'Master Sheet'!$B:$AA,8,FALSE),"") -> 1106.955
G46: =IFERROR(VLOOKUP($D46,'Master Sheet'!$B:$AA,3,FALSE),"") | I46: =IFERROR(VLOOKUP($D46,'Master Sheet'!$B:$AA,2,FALSE),"") | J46: =IFERROR(VLOOKUP($D46,'Master Sheet'!$B:$AA,5,FALSE),"") | K46: =IFERROR(VLOOKUP($D46,'Master Sheet'!$B:$AA,8,FALSE),"")
C47: Remotes & Releases
D48: CAMNIACMCDC3 | G48: =IFERROR(VLOOKUP($D48,'Master Sheet'!$B:$AA,3,FALSE),"") -> Nikon MC-DC3 Remote Release Cord | I48: =IFERROR(VLOOKUP($D48,'Master Sheet'!$B:$AA,2,FALSE),"") -> VDR01001 | J48: =IFERROR(VLOOKUP($D48,'Master Sheet'!$B:$AA,5,FALSE),"") -> No Barcode | K48: =IFERROR(VLOOKUP($D48,'Master Sheet'!$B:$AA,8,FALSE),"") -> 584.955
D49: CAMNIACWRT10 | G49: =IFERROR(VLOOKUP($D49,'Master Sheet'!$B:$AA,3,FALSE),"") -> WR-T10 WIRELESS REMOTE TRANSMITTER | I49: =IFERROR(VLOOKUP($D49,'Master Sheet'!$B:$AA,2,FALSE),"") -> VBJ003AE | J49: =IFERROR(VLOOKUP($D49,'Master Sheet'!$B:$AA,5,FALSE),"") -> 018208933525 | K49: =IFERROR(VLOOKUP($D49,'Master Sheet'!$B:$AA,8,FALSE),"") -> 1475.955
G50: =IFERROR(VLOOKUP($D50,'Master Sheet'!$B:$AA,3,FALSE),"") | I50: =IFERROR(VLOOKUP($D50,'Master Sheet'!$B:$AA,2,FALSE),"") | J50: =IFERROR(VLOOKUP($D50,'Master Sheet'!$B:$AA,5,FALSE),"") | K50: =IFERROR(VLOOKUP($D50,'Master Sheet'!$B:$AA,8,FALSE),"")
C51: Microphones
D52: CAMNIACME1 | G52: =IFERROR(VLOOKUP($D52,'Master Sheet'!$B:$AA,3,FALSE),"") -> ME-1 STEREO MICROPHONE | I52: =IFERROR(VLOOKUP($D52,'Master Sheet'!$B:$AA,2,FALSE),"") -> VBW30001 | J52: =IFERROR(VLOOKUP($D52,'Master Sheet'!$B:$AA,5,FALSE),"") -> 018208270453 | K52: =IFERROR(VLOOKUP($D52,'Master Sheet'!$B:$AA,8,FALSE),"") -> 3464.955
G53: =IFERROR(VLOOKUP($D53,'Master Sheet'!$B:$AA,3,FALSE),"") | I53: =IFERROR(VLOOKUP($D53,'Master Sheet'!$B:$AA,2,FALSE),"") | J53: =IFERROR(VLOOKUP($D53,'Master Sheet'!$B:$AA,5,FALSE),"") | K53: =IFERROR(VLOOKUP($D53,'Master Sheet'!$B:$AA,8,FALSE),"")
C54: Eyepieces
D55: CAMNIACILCDK29 | G55: =IFERROR(VLOOKUP($D55,'Master Sheet'!$B:$AA,3,FALSE),"") -> DK-29 RUBBER EYECUP (Z6 & Z7) | I55: =IFERROR(VLOOKUP($D55,'Master Sheet'!$B:$AA,2,FALSE),"") -> VOW00201 | J55: =IFERROR(VLOOKUP($D55,'Master Sheet'!$B:$AA,5,FALSE),"") -> 018208042210 | K55: =IFERROR(VLOOKUP($D55,'Master Sheet'!$B:$AA,8,FALSE),"") -> 134.955
G56: =IFERROR(VLOOKUP($D56,'Master Sheet'!$B:$AA,3,FALSE),"") | I56: =IFERROR(VLOOKUP($D56,'Master Sheet'!$B:$AA,2,FALSE),"") | J56: =IFERROR(VLOOKUP($D56,'Master Sheet'!$B:$AA,5,FALSE),"") | K56: =IFERROR(VLOOKUP($D56,'Master Sheet'!$B:$AA,8,FALSE),"")
C57: Cords & Cables
D58: CAMNIACUCE24 | G58: =IFERROR(VLOOKUP($D58,'Master Sheet'!$B:$AA,3,FALSE),"") -> USB Cable UC-E24 | I58: =IFERROR(VLOOKUP($D58,'Master Sheet'!$B:$AA,2,FALSE),"") -> VDU10701 | J58: =IFERROR(VLOOKUP($D58,'Master Sheet'!$B:$AA,5,FALSE),"") -> 018208042166 | K58: =IFERROR(VLOOKUP($D58,'Master Sheet'!$B:$AA,8,FALSE),"") -> 512.955
D59: CAMNIACUCE25 | G59: =IFERROR(VLOOKUP($D59,'Master Sheet'!$B:$AA,3,FALSE),"") -> USB Cable UC-E25 | I59: =IFERROR(VLOOKUP($D59,'Master Sheet'!$B:$AA,2,FALSE),"") -> VDU10801 | J59: =IFERROR(VLOOKUP($D59,'Master Sheet'!$B:$AA,5,FALSE),"") -> 018208042234 | K59: =IFERROR(VLOOKUP($D59,'Master Sheet'!$B:$AA,8,FALSE),"") -> 575.955
G60: =IFERROR(VLOOKUP($D60,'Master Sheet'!$B:$AA,3,FALSE),"") | I60: =IFERROR(VLOOKUP($D60,'Master Sheet'!$B:$AA,2,FALSE),"") | J60: =IFERROR(VLOOKUP($D60,'Master Sheet'!$B:$AA,5,FALSE),"") | K60: =IFERROR(VLOOKUP($D60,'Master Sheet'!$B:$AA,8,FALSE),"")
C61: Bags
D62: CAMNIAC03012204I | G62: =IFERROR(VLOOKUP($D62,'Master Sheet'!$B:$AA,3,FALSE),"") -> Nikon Shoulder Bag Black 0301-2204I - Black NIKON logo | I62: =IFERROR(VLOOKUP($D62,'Master Sheet'!$B:$AA,2,FALSE),"") -> 0 | J62: =IFERROR(VLOOKUP($D62,'Master Sheet'!$B:$AA,5,FALSE),"") -> No Barcode | K62: =IFERROR(VLOOKUP($D62,'Master Sheet'!$B:$AA,8,FALSE),"") -> 296.955
G63: =IFERROR(VLOOKUP($D63,'Master Sheet'!$B:$AA,3,FALSE),"") | I63: =IFERROR(VLOOKUP($D63,'Master Sheet'!$B:$AA,2,FALSE),"") | J63: =IFERROR(VLOOKUP($D63,'Master Sheet'!$B:$AA,5,FALSE),"") | K63: =IFERROR(VLOOKUP($D63,'Master Sheet'!$B:$AA,8,FALSE),"")
G64: =IFERROR(VLOOKUP($D64,'Master Sheet'!$B:$AA,3,FALSE),"") | I64: =IFERROR(VLOOKUP($D64,'Master Sheet'!$B:$AA,2,FALSE),"") | J64: =IFERROR(VLOOKUP($D64,'Master Sheet'!$B:$AA,5,FALSE),"") | K64: =IFERROR(VLOOKUP($D64,'Master Sheet'!$B:$AA,8,FALSE),"")

Sheet Z f
C3: Format
D4: FX
C5: Megapixels
D6: 24.5 MP
C7: Continuous Shooting
D8: 30 FPS
C10: ISO
D11: 100 - 64,000. ISO Expandable to 204,800
C13: Video
D14: 4K/30p and 1080/120p video
C16: Memory
D17: SD UHS-I/II/ SDHC & MicroSDHC/SDXC
C19: Monitor Size
D20: 3.2 Inch Vari-angle TFT | G20: Inspired full-frame performance
C22: Order Code | G22: Details | I22: Product Code | J22: Barcode | K22: Dealer (Export)
D24: CAMNIILCZF | G24: =IFERROR(VLOOKUP($D24,'Master Sheet'!$B:$AA,3,FALSE),"") -> Nikon Z f Mirrorless Digital Camera (Body Only) | I24: =IFERROR(VLOOKUP($D24,'Master Sheet'!$B:$AA,2,FALSE),"") -> VOA120AM | J24: =IFERROR(VLOOKUP($D24,'Master Sheet'!$B:$AA,5,FALSE),"") -> 4960759913807 | K24: =IFERROR(VLOOKUP($D24,'Master Sheet'!$B:$AA,8,FALSE),"") -> 41480.955
D25: CAMNIILCZFK001 | G25: =IFERROR(VLOOKUP($D25,'Master Sheet'!$B:$AA,3,FALSE),"") -> Nikon Z f Mirrorless Digital Camera (Body) + SmallRig L-Shape Grip 4262 | I25: =IFERROR(VLOOKUP($D25,'Master Sheet'!$B:$AA,2,FALSE),"") -> 0 | J25: =IFERROR(VLOOKUP($D25,'Master Sheet'!$B:$AA,5,FALSE),"") -> No Barcode | K25: =IFERROR(VLOOKUP($D25,'Master Sheet'!$B:$AA,8,FALSE),"") -> 41480.955
G26: =IFERROR(VLOOKUP($D26,'Master Sheet'!$B:$AA,3,FALSE),"") | I26: =IFERROR(VLOOKUP($D26,'Master Sheet'!$B:$AA,2,FALSE),"") | J26: =IFERROR(VLOOKUP($D26,'Master Sheet'!$B:$AA,5,FALSE),"") | K26: =IFERROR(VLOOKUP($D26,'Master Sheet'!$B:$AA,8,FALSE),"")
C27: Body Cap
D28: CAMNIACILCBFN1 | G28: =IFERROR(VLOOKUP($D28,'Master Sheet'!$B:$AA,3,FALSE),"") -> BF-N1 Body Cap (Z-Series) | I28: =IFERROR(VLOOKUP($D28,'Master Sheet'!$B:$AA,2,FALSE),"") -> VOD00101 | J28: =IFERROR(VLOOKUP($D28,'Master Sheet'!$B:$AA,5,FALSE),"") -> 4960759901002 | K28: =IFERROR(VLOOKUP($D28,'Master Sheet'!$B:$AA,8,FALSE),"") -> 116.955
C30: Lens Adapter
D31: CAMNIACILCFTZII | G31: =IFERROR(VLOOKUP($D31,'Master Sheet'!$B:$AA,3,FALSE),"") -> FTZ II Mount Adapter | I31: =IFERROR(VLOOKUP($D31,'Master Sheet'!$B:$AA,2,FALSE),"") -> JMA905DA | J31: =IFERROR(VLOOKUP($D31,'Master Sheet'!$B:$AA,5,FALSE),"") -> 018208042647 | K31: =IFERROR(VLOOKUP($D31,'Master Sheet'!$B:$AA,8,FALSE),"") -> 4049.955
G32: =IFERROR(VLOOKUP($D32,'Master Sheet'!$B:$AA,3,FALSE),"") | I32: =IFERROR(VLOOKUP($D32,'Master Sheet'!$B:$AA,2,FALSE),"") | J32: =IFERROR(VLOOKUP($D32,'Master Sheet'!$B:$AA,5,FALSE),"") | K32: =IFERROR(VLOOKUP($D32,'Master Sheet'!$B:$AA,8,FALSE),"")
C33: Lenses
G34: (See Mirrorless Lenses Pricelist Sheets) | I34: =IFERROR(VLOOKUP($D34,'Master Sheet'!$B:$AA,2,FALSE),"") | J34: =IFERROR(VLOOKUP($D34,'Master Sheet'!$B:$AA,5,FALSE),"") | K34: =IFERROR(VLOOKUP($D34,'Master Sheet'!$B:$AA,8,FALSE),"")
G35: =IFERROR(VLOOKUP($D35,'Master Sheet'!$B:$AA,3,FALSE),"") | I35: =IFERROR(VLOOKUP($D35,'Master Sheet'!$B:$AA,2,FALSE),"") | J35: =IFERROR(VLOOKUP($D35,'Master Sheet'!$B:$AA,5,FALSE),"") | K35: =IFERROR(VLOOKUP($D35,'Master Sheet'!$B:$AA,8,FALSE),"")
C36: Speedlights/Flashes
G37: (See Speedlight Pricelist Sheets) | I37: =IFERROR(VLOOKUP($D37,'Master Sheet'!$B:$AA,2,FALSE),"") | J37: =IFERROR(VLOOKUP($D37,'Master Sheet'!$B:$AA,5,FALSE),"") | K37: =IFERROR(VLOOKUP($D37,'Master Sheet'!$B:$AA,8,FALSE),"")
G38: =IFERROR(VLOOKUP($D38,'Master Sheet'!$B:$AA,3,FALSE),"") | I38: =IFERROR(VLOOKUP($D38,'Master Sheet'!$B:$AA,2,FALSE),"") | J38: =IFERROR(VLOOKUP($D38,'Master Sheet'!$B:$AA,5,FALSE),"") | K38: =IFERROR(VLOOKUP($D38,'Master Sheet'!$B:$AA,8,FALSE),"")
C39: Power Accessories
D40: CAMNIACMH25A | G40: =IFERROR(VLOOKUP($D40,'Master Sheet'!$B:$AA,3,FALSE),"") -> MH-25A BATTERY CHARGER - EN-EL15 Battery | I40: =IFERROR(VLOOKUP($D40,'Master Sheet'!$B:$AA,2,FALSE),"") -> VEA016EA | J40: =IFERROR(VLOOKUP($D40,'Master Sheet'!$B:$AA,5,FALSE),"") -> 018208941704 | K40: =IFERROR(VLOOKUP($D40,'Master Sheet'!$B:$AA,8,FALSE),"") -> 1106.955
D41: CAMNIACENEL15C | G41: =IFERROR(VLOOKUP($D41,'Master Sheet'!$B:$AA,3,FALSE),"") -> EN-EL15C RECHARGEABLE LI-ION BATTERY | I41: =IFERROR(VLOOKUP($D41,'Master Sheet'!$B:$AA,2,FALSE),"") -> VFB12802 | J41: =IFERROR(VLOOKUP($D41,'Master Sheet'!$B:$AA,5,FALSE),"") -> 4960759904393 | K41: =IFERROR(VLOOKUP($D41,'Master Sheet'!$B:$AA,8,FALSE),"") -> 1439.955
D42: CAMNIACILCEH7P | G42: =IFERROR(VLOOKUP($D42,'Master Sheet'!$B:$AA,3,FALSE),"") -> Charging AC Adapter EH-7P | I42: =IFERROR(VLOOKUP($D42,'Master Sheet'!$B:$AA,2,FALSE),"") -> VEB029BA | J42: =IFERROR(VLOOKUP($D42,'Master Sheet'!$B:$AA,5,FALSE),"") -> 4960759901958 | K42: =IFERROR(VLOOKUP($D42,'Master Sheet'!$B:$AA,8,FALSE),"") -> 917.955
G43: =IFERROR(VLOOKUP($D43,'Master Sheet'!$B:$AA,3,FALSE),"") | I43: =IFERROR(VLOOKUP($D43,'Master Sheet'!$B:$AA,2,FALSE),"") | J43: =IFERROR(VLOOKUP($D43,'Master Sheet'!$B:$AA,5,FALSE),"") | K43: =IFERROR(VLOOKUP($D43,'Master Sheet'!$B:$AA,8,FALSE),"")
C44: Remotes & Releases
D45: CAMNIACMLL7 | G45: =IFERROR(VLOOKUP($D45,'Master Sheet'!$B:$AA,3,FALSE),"") -> ML-L7 REMOTE CONTROL | I45: =IFERROR(VLOOKUP($D45,'Master Sheet'!$B:$AA,2,FALSE),"") -> VAJ57201 | J45: =IFERROR(VLOOKUP($D45,'Master Sheet'!$B:$AA,5,FALSE),"") -> 018208259526 | K45: =IFERROR(VLOOKUP($D45,'Master Sheet'!$B:$AA,8,FALSE),"") -> 800.955
D46: CAMNIACILMCN10 | G46: =IFERROR(VLOOKUP($D46,'Master Sheet'!$B:$AA,3,FALSE),"") -> Nikon MC-N10 Remote Grip | I46: =IFERROR(VLOOKUP($D46,'Master Sheet'!$B:$AA,2,FALSE),"") -> VDR009AA | J46: =IFERROR(VLOOKUP($D46,'Master Sheet'!$B:$AA,5,FALSE),"") -> 018208272303 | K46: =IFERROR(VLOOKUP($D46,'Master Sheet'!$B:$AA,8,FALSE),"") -> 9629.955
C48: Eyepieces
D49: CAMNIACILCDK33 | G49: =IFERROR(VLOOKUP($D49,'Master Sheet'!$B:$AA,3,FALSE),"") -> DK-33 Rubber Eyecup | I49: =IFERROR(VLOOKUP($D49,'Master Sheet'!$B:$AA,2,FALSE),"") -> VOW00501 | J49: =IFERROR(VLOOKUP($D49,'Master Sheet'!$B:$AA,5,FALSE),"") -> 018208272242 | K49: =IFERROR(VLOOKUP($D49,'Master Sheet'!$B:$AA,8,FALSE),"") -> 152.955
G50: =IFERROR(VLOOKUP($D50,'Master Sheet'!$B:$AA,3,FALSE),"") | I50: =IFERROR(VLOOKUP($D50,'Master Sheet'!$B:$AA,2,FALSE),"") | J50: =IFERROR(VLOOKUP($D50,'Master Sheet'!$B:$AA,5,FALSE),"") | K50: =IFERROR(VLOOKUP($D50,'Master Sheet'!$B:$AA,8,FALSE),"")
C51: Cords & Cables
D52: CAMNIACUCE24 | G52: =IFERROR(VLOOKUP($D52,'Master Sheet'!$B:$AA,3,FALSE),"") -> USB Cable UC-E24 | I52: =IFERROR(VLOOKUP($D52,'Master Sheet'!$B:$AA,2,FALSE),"") -> VDU10701 | J52: =IFERROR(VLOOKUP($D52,'Master Sheet'!$B:$AA,5,FALSE),"") -> 018208042166 | K52: =IFERROR(VLOOKUP($D52,'Master Sheet'!$B:$AA,8,FALSE),"") -> 512.955
D53: CAMNIACUCE25 | G53: =IFERROR(VLOOKUP($D53,'Master Sheet'!$B:$AA,3,FALSE),"") -> USB Cable UC-E25 | I53: =IFERROR(VLOOKUP($D53,'Master Sheet'!$B:$AA,2,FALSE),"") -> VDU10801 | J53: =IFERROR(VLOOKUP($D53,'Master Sheet'!$B:$AA,5,FALSE),"") -> 018208042234 | K53: =IFERROR(VLOOKUP($D53,'Master Sheet'!$B:$AA,8,FALSE),"") -> 575.955
G54: =IFERROR(VLOOKUP($D54,'Master Sheet'!$B:$AA,3,FALSE),"") | I54: =IFERROR(VLOOKUP($D54,'Master Sheet'!$B:$AA,2,FALSE),"") | J54: =IFERROR(VLOOKUP($D54,'Master Sheet'!$B:$AA,5,FALSE),"") | K54: =IFERROR(VLOOKUP($D54,'Master Sheet'!$B:$AA,8,FALSE),"")
C55: Bags
D56: CAMNIAC03012204I | G56: =IFERROR(VLOOKUP($D56,'Master Sheet'!$B:$AA,3,FALSE),"") -> Nikon Shoulder Bag Black 0301-2204I - Black NIKON logo | I56: =IFERROR(VLOOKUP($D56,'Master Sheet'!$B:$AA,2,FALSE),"") -> 0 | J56: =IFERROR(VLOOKUP($D56,'Master Sheet'!$B:$AA,5,FALSE),"") -> No Barcode | K56: =IFERROR(VLOOKUP($D56,'Master Sheet'!$B:$AA,8,FALSE),"") -> 296.955
G57: =IFERROR(VLOOKUP($D57,'Master Sheet'!$B:$AA,3,FALSE),"") | I57: =IFERROR(VLOOKUP($D57,'Master Sheet'!$B:$AA,2,FALSE),"") | J57: =IFERROR(VLOOKUP($D57,'Master Sheet'!$B:$AA,5,FALSE),"") | K57: =IFERROR(VLOOKUP($D57,'Master Sheet'!$B:$AA,8,FALSE),"")
G58: =IFERROR(VLOOKUP($D58,'Master Sheet'!$B:$AA,3,FALSE),"") | I58: =IFERROR(VLOOKUP($D58,'Master Sheet'!$B:$AA,2,FALSE),"") | J58: =IFERROR(VLOOKUP($D58,'Master Sheet'!$B:$AA,5,FALSE),"") | K58: =IFERROR(VLOOKUP($D58,'Master Sheet'!$B:$AA,8,FALSE),"")

Sheet Z fc
C3: Format
D4: DX
C5: Megapixels
D6: 20.9 MP
C7: Continuous Shooting
D8: 11 FPS
C10: ISO
D11: 100 - 51,200. ISO Expandable to 204,800
C13: Video
D14: 4K/30p and 1080/120p video
C16: Memory
D17: SD UHS-I/SDHC/SDXC
C19: Monitor Size
D20: 3.2 Inch Vari-angle TFT | G20: Iconic design. Z performance.
C22: Order Code | G22: Details | I22: Product Code | J22: Barcode | K22: Dealer (Export)
D24: CAMNIILCZFC | G24: =IFERROR(VLOOKUP($D24,'Master Sheet'!$B:$AA,3,FALSE),"") -> Nikon Z fc Mirrorless Digital Camera BODY | I24: =IFERROR(VLOOKUP($D24,'Master Sheet'!$B:$AA,2,FALSE),"") -> VOA090AM | J24: =IFERROR(VLOOKUP($D24,'Master Sheet'!$B:$AA,5,FALSE),"") -> 4960759906373 | K24: =IFERROR(VLOOKUP($D24,'Master Sheet'!$B:$AA,8,FALSE),"") -> 17999.955
D25: CAMNIILCZFCK002 | G25: =IFERROR(VLOOKUP($D25,'Master Sheet'!$B:$AA,3,FALSE),"") -> Nikon Z fc Mirrorless Digital Camera / 16-50MM SILVER | I25: =IFERROR(VLOOKUP($D25,'Master Sheet'!$B:$AA,2,FALSE),"") -> 0 | J25: =IFERROR(VLOOKUP($D25,'Master Sheet'!$B:$AA,5,FALSE),"") -> 6009658262482 | K25: =IFERROR(VLOOKUP($D25,'Master Sheet'!$B:$AA,8,FALSE),"") -> 21131.955
G26: =IFERROR(VLOOKUP($D26,'Master Sheet'!$B:$AA,3,FALSE),"") | I26: =IFERROR(VLOOKUP($D26,'Master Sheet'!$B:$AA,2,FALSE),"") | J26: =IFERROR(VLOOKUP($D26,'Master Sheet'!$B:$AA,5,FALSE),"") | K26: =IFERROR(VLOOKUP($D26,'Master Sheet'!$B:$AA,8,FALSE),"")
C27: Body Cap
D28: CAMNIACILCBFN1 | G28: =IFERROR(VLOOKUP($D28,'Master Sheet'!$B:$AA,3,FALSE),"") -> BF-N1 Body Cap (Z-Series) | I28: =IFERROR(VLOOKUP($D28,'Master Sheet'!$B:$AA,2,FALSE),"") -> VOD00101 | J28: =IFERROR(VLOOKUP($D28,'Master Sheet'!$B:$AA,5,FALSE),"") -> 4960759901002 | K28: =IFERROR(VLOOKUP($D28,'Master Sheet'!$B:$AA,8,FALSE),"") -> 116.955
C30: Lens Adapter
D31: CAMNIACILCFTZII | G31: =IFERROR(VLOOKUP($D31,'Master Sheet'!$B:$AA,3,FALSE),"") -> FTZ II Mount Adapter | I31: =IFERROR(VLOOKUP($D31,'Master Sheet'!$B:$AA,2,FALSE),"") -> JMA905DA | J31: =IFERROR(VLOOKUP($D31,'Master Sheet'!$B:$AA,5,FALSE),"") -> 018208042647 | K31: =IFERROR(VLOOKUP($D31,'Master Sheet'!$B:$AA,8,FALSE),"") -> 4049.955
G32: =IFERROR(VLOOKUP($D32,'Master Sheet'!$B:$AA,3,FALSE),"") | I32: =IFERROR(VLOOKUP($D32,'Master Sheet'!$B:$AA,2,FALSE),"") | J32: =IFERROR(VLOOKUP($D32,'Master Sheet'!$B:$AA,5,FALSE),"") | K32: =IFERROR(VLOOKUP($D32,'Master Sheet'!$B:$AA,8,FALSE),"")
C33: Lenses
G34: (See Mirrorless Lenses Pricelist Sheets) | I34: =IFERROR(VLOOKUP($D34,'Master Sheet'!$B:$AA,2,FALSE),"") | J34: =IFERROR(VLOOKUP($D34,'Master Sheet'!$B:$AA,5,FALSE),"") | K34: =IFERROR(VLOOKUP($D34,'Master Sheet'!$B:$AA,8,FALSE),"")
G35: =IFERROR(VLOOKUP($D35,'Master Sheet'!$B:$AA,3,FALSE),"") | I35: =IFERROR(VLOOKUP($D35,'Master Sheet'!$B:$AA,2,FALSE),"") | J35: =IFERROR(VLOOKUP($D35,'Master Sheet'!$B:$AA,5,FALSE),"") | K35: =IFERROR(VLOOKUP($D35,'Master Sheet'!$B:$AA,8,FALSE),"")
C36: Speedlights/Flashes
G37: (See Speedlight Pricelist Sheets) | I37: =IFERROR(VLOOKUP($D37,'Master Sheet'!$B:$AA,2,FALSE),"") | J37: =IFERROR(VLOOKUP($D37,'Master Sheet'!$B:$AA,5,FALSE),"") | K37: =IFERROR(VLOOKUP($D37,'Master Sheet'!$B:$AA,8,FALSE),"")
G38: =IFERROR(VLOOKUP($D38,'Master Sheet'!$B:$AA,3,FALSE),"") | I38: =IFERROR(VLOOKUP($D38,'Master Sheet'!$B:$AA,2,FALSE),"") | J38: =IFERROR(VLOOKUP($D38,'Master Sheet'!$B:$AA,5,FALSE),"") | K38: =IFERROR(VLOOKUP($D38,'Master Sheet'!$B:$AA,8,FALSE),"")
C39: Power Accessories
D40: CAMNIACILCMH32 | G40: =IFERROR(VLOOKUP($D40,'Master Sheet'!$B:$AA,3,FALSE),"") -> MH-32 Battery Charger | I40: =IFERROR(VLOOKUP($D40,'Master Sheet'!$B:$AA,2,FALSE),"") -> VEA024EB | J40: =IFERROR(VLOOKUP($D40,'Master Sheet'!$B:$AA,5,FALSE),"") -> 4960759904300 | K40: =IFERROR(VLOOKUP($D40,'Master Sheet'!$B:$AA,8,FALSE),"") -> 917.955
D41: CAMNIACENEL25 | G41: =IFERROR(VLOOKUP($D41,'Master Sheet'!$B:$AA,3,FALSE),"") -> EN-EL25 RECHARGEABLE LI-ION BATTERY | I41: =IFERROR(VLOOKUP($D41,'Master Sheet'!$B:$AA,2,FALSE),"") -> VFB12502 | J41: =IFERROR(VLOOKUP($D41,'Master Sheet'!$B:$AA,5,FALSE),"") -> 4960759903976 | K41: =IFERROR(VLOOKUP($D41,'Master Sheet'!$B:$AA,8,FALSE),"") -> 1574.955
D42: CAMNIACILCEH7P | G42: =IFERROR(VLOOKUP($D42,'Master Sheet'!$B:$AA,3,FALSE),"") -> Charging AC Adapter EH-7P | I42: =IFERROR(VLOOKUP($D42,'Master Sheet'!$B:$AA,2,FALSE),"") -> VEB029BA | J42: =IFERROR(VLOOKUP($D42,'Master Sheet'!$B:$AA,5,FALSE),"") -> 4960759901958 | K42: =IFERROR(VLOOKUP($D42,'Master Sheet'!$B:$AA,8,FALSE),"") -> 917.955
G43: =IFERROR(VLOOKUP($D43,'Master Sheet'!$B:$AA,3,FALSE),"") | I43: =IFERROR(VLOOKUP($D43,'Master Sheet'!$B:$AA,2,FALSE),"") | J43: =IFERROR(VLOOKUP($D43,'Master Sheet'!$B:$AA,5,FALSE),"") | K43: =IFERROR(VLOOKUP($D43,'Master Sheet'!$B:$AA,8,FALSE),"")
C44: Remotes & Releases
D45: CAMNIACMLL7 | G45: =IFERROR(VLOOKUP($D45,'Master Sheet'!$B:$AA,3,FALSE),"") -> ML-L7 REMOTE CONTROL | I45: =IFERROR(VLOOKUP($D45,'Master Sheet'!$B:$AA,2,FALSE),"") -> VAJ57201 | J45: =IFERROR(VLOOKUP($D45,'Master Sheet'!$B:$AA,5,FALSE),"") -> 018208259526 | K45: =IFERROR(VLOOKUP($D45,'Master Sheet'!$B:$AA,8,FALSE),"") -> 800.955
G46: =IFERROR(VLOOKUP($D46,'Master Sheet'!$B:$AA,3,FALSE),"") | I46: =IFERROR(VLOOKUP($D46,'Master Sheet'!$B:$AA,2,FALSE),"") | J46: =IFERROR(VLOOKUP($D46,'Master Sheet'!$B:$AA,5,FALSE),"") | K46: =IFERROR(VLOOKUP($D46,'Master Sheet'!$B:$AA,8,FALSE),"")
C47: Eyepieces
D48: CAMNIACILCDK32 | G48: =IFERROR(VLOOKUP($D48,'Master Sheet'!$B:$AA,3,FALSE),"") -> DK-32 Rubber Eyecup | I48: =IFERROR(VLOOKUP($D48,'Master Sheet'!$B:$AA,2,FALSE),"") -> 0 | J48: =IFERROR(VLOOKUP($D48,'Master Sheet'!$B:$AA,5,FALSE),"") -> No Barcode | K48: =IFERROR(VLOOKUP($D48,'Master Sheet'!$B:$AA,8,FALSE),"") -> TBC
G49: =IFERROR(VLOOKUP($D49,'Master Sheet'!$B:$AA,3,FALSE),"") | I49: =IFERROR(VLOOKUP($D49,'Master Sheet'!$B:$AA,2,FALSE),"") | J49: =IFERROR(VLOOKUP($D49,'Master Sheet'!$B:$AA,5,FALSE),"") | K49: =IFERROR(VLOOKUP($D49,'Master Sheet'!$B:$AA,8,FALSE),"")
C50: Cords & Cables
D51: CAMNIACUCE25 | G51: =IFERROR(VLOOKUP($D51,'Master Sheet'!$B:$AA,3,FALSE),"") -> USB Cable UC-E25 | I51: =IFERROR(VLOOKUP($D51,'Master Sheet'!$B:$AA,2,FALSE),"") -> VDU10801 | J51: =IFERROR(VLOOKUP($D51,'Master Sheet'!$B:$AA,5,FALSE),"") -> 018208042234 | K51: =IFERROR(VLOOKUP($D51,'Master Sheet'!$B:$AA,8,FALSE),"") -> 575.955
G52: =IFERROR(VLOOKUP($D52,'Master Sheet'!$B:$AA,3,FALSE),"") | I52: =IFERROR(VLOOKUP($D52,'Master Sheet'!$B:$AA,2,FALSE),"") | J52: =IFERROR(VLOOKUP($D52,'Master Sheet'!$B:$AA,5,FALSE),"") | K52: =IFERROR(VLOOKUP($D52,'Master Sheet'!$B:$AA,8,FALSE),"")
C53: Bags
D54: CAMNIAC03012204I | G54: =IFERROR(VLOOKUP($D54,'Master Sheet'!$B:$AA,3,FALSE),"") -> Nikon Shoulder Bag Black 0301-2204I - Black NIKON logo | I54: =IFERROR(VLOOKUP($D54,'Master Sheet'!$B:$AA,2,FALSE),"") -> 0 | J54: =IFERROR(VLOOKUP($D54,'Master Sheet'!$B:$AA,5,FALSE),"") -> No Barcode | K54: =IFERROR(VLOOKUP($D54,'Master Sheet'!$B:$AA,8,FALSE),"") -> 296.955
G55: =IFERROR(VLOOKUP($D55,'Master Sheet'!$B:$AA,3,FALSE),"") | I55: =IFERROR(VLOOKUP($D55,'Master Sheet'!$B:$AA,2,FALSE),"") | J55: =IFERROR(VLOOKUP($D55,'Master Sheet'!$B:$AA,5,FALSE),"") | K55: =IFERROR(VLOOKUP($D55,'Master Sheet'!$B:$AA,8,FALSE),"")
G56: =IFERROR(VLOOKUP($D56,'Master Sheet'!$B:$AA,3,FALSE),"") | I56: =IFERROR(VLOOKUP($D56,'Master Sheet'!$B:$AA,2,FALSE),"") | J56: =IFERROR(VLOOKUP($D56,'Master Sheet'!$B:$AA,5,FALSE),"") | K56: =IFERROR(VLOOKUP($D56,'Master Sheet'!$B:$AA,8,FALSE),"")

Sheet Z50 II
C3: Format
D4: DX
C5: Megapixels
D6: 20.9 MP
C7: Continuous Shooting
D8: 30 FPS
C10: ISO
D11: 100 - 51,200. ISO Expandable to 204,800
C13: Video
D14: 4K/30p and 1080/120p video
C16: Memory
D17: SD UHS-II/SDHC/SDXC
C19: Monitor Size
D20: 3.2 Inch Tilt Touch-LCD | G20: Insanely small. Amazingly bold.
C22: Order Code | G22: Details | I22: Product Code | J22: Barcode | K22: Dealer (Export)
D24: CAMNIILCZ50II | G24: =IFERROR(VLOOKUP($D24,'Master Sheet'!$B:$AA,3,FALSE),"") -> Nikon Z50 II Mirrorless Digital Camera (Body Only) | I24: =IFERROR(VLOOKUP($D24,'Master Sheet'!$B:$AA,2,FALSE),"") -> VOA150AM | J24: =IFERROR(VLOOKUP($D24,'Master Sheet'!$B:$AA,5,FALSE),"") -> 4960759916785 | K24: =IFERROR(VLOOKUP($D24,'Master Sheet'!$B:$AA,8,FALSE),"") -> 16433.955
D25: CAMNIILCZ50IIK001 | G25: =IFERROR(VLOOKUP($D25,'Master Sheet'!$B:$AA,3,FALSE),"") -> Nikon Z50 II Single Kit: 16-50MM f3.5-6.3 VR DX Lens+Bag 6009658263847 | I25: =IFERROR(VLOOKUP($D25,'Master Sheet'!$B:$AA,2,FALSE),"") -> 0 | J25: =IFERROR(VLOOKUP($D25,'Master Sheet'!$B:$AA,5,FALSE),"") -> 6009658263847 | K25: =IFERROR(VLOOKUP($D25,'Master Sheet'!$B:$AA,8,FALSE),"") -> 19574.955
D26: CAMNIILCZ50IIK002 | G26: =IFERROR(VLOOKUP($D26,'Master Sheet'!$B:$AA,3,FALSE),"") -> Nikon Z50 II Twin Kit: 16-50MM f3.5-6.3 VR DX+50-250MM F4.5-6.3 VR DX Lens+Bag+Card 6009658263854 | I26: =IFERROR(VLOOKUP($D26,'Master Sheet'!$B:$AA,2,FALSE),"") -> 0 | J26: =IFERROR(VLOOKUP($D26,'Master Sheet'!$B:$AA,5,FALSE),"") -> 6009658263854 | K26: =IFERROR(VLOOKUP($D26,'Master Sheet'!$B:$AA,8,FALSE),"") -> 25046.955
D27: CAMNIILCZ50IIK003 | G27: =IFERROR(VLOOKUP($D27,'Master Sheet'!$B:$AA,3,FALSE),"") -> Nikon Z50 II Trip Kti: 16-50MM f3.5-6.3+50-250MM f4.5-6.3+35MM f1.4 Lens+Bag+Card 6009658263861 | I27: =IFERROR(VLOOKUP($D27,'Master Sheet'!$B:$AA,2,FALSE),"") -> 0 | J27: =IFERROR(VLOOKUP($D27,'Master Sheet'!$B:$AA,5,FALSE),"") -> 6009658263861 | K27: =IFERROR(VLOOKUP($D27,'Master Sheet'!$B:$AA,8,FALSE),"") -> 33659.955
D28: CAMNIILCZ50IIK004 | G28: =IFERROR(VLOOKUP($D28,'Master Sheet'!$B:$AA,3,FALSE),"") -> Nikon Z50 II Creator Kit: 16-50MM f3.5-6.3 VR DX Lens+Bag+Card+ML-L7+Tripod+Mic 6009658263878 | I28: =IFERROR(VLOOKUP($D28,'Master Sheet'!$B:$AA,2,FALSE),"") -> 0 | J28: =IFERROR(VLOOKUP($D28,'Master Sheet'!$B:$AA,5,FALSE),"") -> 6009658263878 | K28: =IFERROR(VLOOKUP($D28,'Master Sheet'!$B:$AA,8,FALSE),"") -> 21914.955
D29: CAMNIILCZ50IIK005 | G29: =IFERROR(VLOOKUP($D29,'Master Sheet'!$B:$AA,3,FALSE),"") -> Nikon Z50 II Vlogging Kit: 35mm F1.4 Lens+Bag+Card+ML-L7+Tripod+Mic 6009658263885 | I29: =IFERROR(VLOOKUP($D29,'Master Sheet'!$B:$AA,2,FALSE),"") -> 0 | J29: =IFERROR(VLOOKUP($D29,'Master Sheet'!$B:$AA,5,FALSE),"") -> 6009658263885 | K29: =IFERROR(VLOOKUP($D29,'Master Sheet'!$B:$AA,8,FALSE),"") -> 28961.955
G30: =IFERROR(VLOOKUP($D30,'Master Sheet'!$B:$AA,3,FALSE),"") | I30: =IFERROR(VLOOKUP($D30,'Master Sheet'!$B:$AA,2,FALSE),"") | J30: =IFERROR(VLOOKUP($D30,'Master Sheet'!$B:$AA,5,FALSE),"") | K30: =IFERROR(VLOOKUP($D30,'Master Sheet'!$B:$AA,8,FALSE),"")
C31: Body Cap
D32: CAMNIACILCBFN1 | G32: =IFERROR(VLOOKUP($D32,'Master Sheet'!$B:$AA,3,FALSE),"") -> BF-N1 Body Cap (Z-Series) | I32: =IFERROR(VLOOKUP($D32,'Master Sheet'!$B:$AA,2,FALSE),"") -> VOD00101 | J32: =IFERROR(VLOOKUP($D32,'Master Sheet'!$B:$AA,5,FALSE),"") -> 4960759901002 | K32: =IFERROR(VLOOKUP($D32,'Master Sheet'!$B:$AA,8,FALSE),"") -> 116.955
C34: Lens Adapter
D35: CAMNIACILCFTZII | G35: =IFERROR(VLOOKUP($D35,'Master Sheet'!$B:$AA,3,FALSE),"") -> FTZ II Mount Adapter | I35: =IFERROR(VLOOKUP($D35,'Master Sheet'!$B:$AA,2,FALSE),"") -> JMA905DA | J35: =IFERROR(VLOOKUP($D35,'Master Sheet'!$B:$AA,5,FALSE),"") -> 018208042647 | K35: =IFERROR(VLOOKUP($D35,'Master Sheet'!$B:$AA,8,FALSE),"") -> 4049.955
G36: =IFERROR(VLOOKUP($D36,'Master Sheet'!$B:$AA,3,FALSE),"") | I36: =IFERROR(VLOOKUP($D36,'Master Sheet'!$B:$AA,2,FALSE),"") | J36: =IFERROR(VLOOKUP($D36,'Master Sheet'!$B:$AA,5,FALSE),"") | K36: =IFERROR(VLOOKUP($D36,'Master Sheet'!$B:$AA,8,FALSE),"")
C37: Lenses
G38: (See Mirrorless Lenses Pricelist Sheets) | I38: =IFERROR(VLOOKUP($D38,'Master Sheet'!$B:$AA,2,FALSE),"") | J38: =IFERROR(VLOOKUP($D38,'Master Sheet'!$B:$AA,5,FALSE),"") | K38: =IFERROR(VLOOKUP($D38,'Master Sheet'!$B:$AA,8,FALSE),"")
G39: =IFERROR(VLOOKUP($D39,'Master Sheet'!$B:$AA,3,FALSE),"") | I39: =IFERROR(VLOOKUP($D39,'Master Sheet'!$B:$AA,2,FALSE),"") | J39: =IFERROR(VLOOKUP($D39,'Master Sheet'!$B:$AA,5,FALSE),"") | K39: =IFERROR(VLOOKUP($D39,'Master Sheet'!$B:$AA,8,FALSE),"")
C40: Speedlights/Flashes
G41: (See Speedlight Pricelist Sheets) | I41: =IFERROR(VLOOKUP($D41,'Master Sheet'!$B:$AA,2,FALSE),"") | J41: =IFERROR(VLOOKUP($D41,'Master Sheet'!$B:$AA,5,FALSE),"") | K41: =IFERROR(VLOOKUP($D41,'Master Sheet'!$B:$AA,8,FALSE),"")
G42: =IFERROR(VLOOKUP($D42,'Master Sheet'!$B:$AA,3,FALSE),"") | I42: =IFERROR(VLOOKUP($D42,'Master Sheet'!$B:$AA,2,FALSE),"") | J42: =IFERROR(VLOOKUP($D42,'Master Sheet'!$B:$AA,5,FALSE),"") | K42: =IFERROR(VLOOKUP($D42,'Master Sheet'!$B:$AA,8,FALSE),"")
C43: Power Accessories
D44: CAMNIACILCMH32 | G44: =IFERROR(VLOOKUP($D44,'Master Sheet'!$B:$AA,3,FALSE),"") -> MH-32 Battery Charger | I44: =IFERROR(VLOOKUP($D44,'Master Sheet'!$B:$AA,2,FALSE),"") -> VEA024EB | J44: =IFERROR(VLOOKUP($D44,'Master Sheet'!$B:$AA,5,FALSE),"") -> 4960759904300 | K44: =IFERROR(VLOOKUP($D44,'Master Sheet'!$B:$AA,8,FALSE),"") -> 917.955
D45: CAMNIACENEL25A | G45: =IFERROR(VLOOKUP($D45,'Master Sheet'!$B:$AA,3,FALSE),"") -> EN-EL25A RECHARGEABLE LI-ION BATTERY | I45: =IFERROR(VLOOKUP($D45,'Master Sheet'!$B:$AA,2,FALSE),"") -> 0 | J45: =IFERROR(VLOOKUP($D45,'Master Sheet'!$B:$AA,5,FALSE),"") -> No Barcode | K45: =IFERROR(VLOOKUP($D45,'Master Sheet'!$B:$AA,8,FALSE),"") -> 1574.955
G46: =IFERROR(VLOOKUP($D46,'Master Sheet'!$B:$AA,3,FALSE),"") | I46: =IFERROR(VLOOKUP($D46,'Master Sheet'!$B:$AA,2,FALSE),"") | J46: =IFERROR(VLOOKUP($D46,'Master Sheet'!$B:$AA,5,FALSE),"") | K46: =IFERROR(VLOOKUP($D46,'Master Sheet'!$B:$AA,8,FALSE),"")
C47: Remotes & Releases
D48: CAMNIACMLL7 | G48: =IFERROR(VLOOKUP($D48,'Master Sheet'!$B:$AA,3,FALSE),"") -> ML-L7 REMOTE CONTROL | I48: =IFERROR(VLOOKUP($D48,'Master Sheet'!$B:$AA,2,FALSE),"") -> VAJ57201 | J48: =IFERROR(VLOOKUP($D48,'Master Sheet'!$B:$AA,5,FALSE),"") -> 018208259526 | K48: =IFERROR(VLOOKUP($D48,'Master Sheet'!$B:$AA,8,FALSE),"") -> 800.955
D49: CAMNIACILMCN10 | G49: =IFERROR(VLOOKUP($D49,'Master Sheet'!$B:$AA,3,FALSE),"") -> Nikon MC-N10 Remote Grip | I49: =IFERROR(VLOOKUP($D49,'Master Sheet'!$B:$AA,2,FALSE),"") -> VDR009AA | J49: =IFERROR(VLOOKUP($D49,'Master Sheet'!$B:$AA,5,FALSE),"") -> 018208272303 | K49: =IFERROR(VLOOKUP($D49,'Master Sheet'!$B:$AA,8,FALSE),"") -> 9629.955
D50: CAMNIACMLL7 | G50: =IFERROR(VLOOKUP($D50,'Master Sheet'!$B:$AA,3,FALSE),"") -> ML-L7 REMOTE CONTROL | I50: =IFERROR(VLOOKUP($D50,'Master Sheet'!$B:$AA,2,FALSE),"") -> VAJ57201 | J50: =IFERROR(VLOOKUP($D50,'Master Sheet'!$B:$AA,5,FALSE),"") -> 018208259526 | K50: =IFERROR(VLOOKUP($D50,'Master Sheet'!$B:$AA,8,FALSE),"") -> 800.955
G51: =IFERROR(VLOOKUP($D51,'Master Sheet'!$B:$AA,3,FALSE),"") | I51: =IFERROR(VLOOKUP($D51,'Master Sheet'!$B:$AA,2,FALSE),"") | J51: =IFERROR(VLOOKUP($D51,'Master Sheet'!$B:$AA,5,FALSE),"") | K51: =IFERROR(VLOOKUP($D51,'Master Sheet'!$B:$AA,8,FALSE),"")
C52: Microphones
D53: CAMNIACME1 | G53: =IFERROR(VLOOKUP($D53,'Master Sheet'!$B:$AA,3,FALSE),"") -> ME-1 STEREO MICROPHONE | I53: =IFERROR(VLOOKUP($D53,'Master Sheet'!$B:$AA,2,FALSE),"") -> VBW30001 | J53: =IFERROR(VLOOKUP($D53,'Master Sheet'!$B:$AA,5,FALSE),"") -> 018208270453 | K53: =IFERROR(VLOOKUP($D53,'Master Sheet'!$B:$AA,8,FALSE),"") -> 3464.955
G54: =IFERROR(VLOOKUP($D54,'Master Sheet'!$B:$AA,3,FALSE),"") | I54: =IFERROR(VLOOKUP($D54,'Master Sheet'!$B:$AA,2,FALSE),"") | J54: =IFERROR(VLOOKUP($D54,'Master Sheet'!$B:$AA,5,FALSE),"") | K54: =IFERROR(VLOOKUP($D54,'Master Sheet'!$B:$AA,8,FALSE),"")
C55: Cords & Cables
D56: CAMNIACUCE24 | G56: =IFERROR(VLOOKUP($D56,'Master Sheet'!$B:$AA,3,FALSE),"") -> USB Cable UC-E24 | I56: =IFERROR(VLOOKUP($D56,'Master Sheet'!$B:$AA,2,FALSE),"") -> VDU10701 | J56: =IFERROR(VLOOKUP($D56,'Master Sheet'!$B:$AA,5,FALSE),"") -> 018208042166 | K56: =IFERROR(VLOOKUP($D56,'Master Sheet'!$B:$AA,8,FALSE),"") -> 512.955
D57: CAMNIACUCE25 | G57: =IFERROR(VLOOKUP($D57,'Master Sheet'!$B:$AA,3,FALSE),"") -> USB Cable UC-E25 | I57: =IFERROR(VLOOKUP($D57,'Master Sheet'!$B:$AA,2,FALSE),"") -> VDU10801 | J57: =IFERROR(VLOOKUP($D57,'Master Sheet'!$B:$AA,5,FALSE),"") -> 018208042234 | K57: =IFERROR(VLOOKUP($D57,'Master Sheet'!$B:$AA,8,FALSE),"") -> 575.955
G58: =IFERROR(VLOOKUP($D58,'Master Sheet'!$B:$AA,3,FALSE),"") | I58: =IFERROR(VLOOKUP($D58,'Master Sheet'!$B:$AA,2,FALSE),"") | J58: =IFERROR(VLOOKUP($D58,'Master Sheet'!$B:$AA,5,FALSE),"") | K58: =IFERROR(VLOOKUP($D58,'Master Sheet'!$B:$AA,8,FALSE),"")
C59: Bags
D60: CAMNIAC03012204I | G60: =IFERROR(VLOOKUP($D60,'Master Sheet'!$B:$AA,3,FALSE),"") -> Nikon Shoulder Bag Black 0301-2204I - Black NIKON logo | I60: =IFERROR(VLOOKUP($D60,'Master Sheet'!$B:$AA,2,FALSE),"") -> 0 | J60: =IFERROR(VLOOKUP($D60,'Master Sheet'!$B:$AA,5,FALSE),"") -> No Barcode | K60: =IFERROR(VLOOKUP($D60,'Master Sheet'!$B:$AA,8,FALSE),"") -> 296.955
G61: =IFERROR(VLOOKUP($D61,'Master Sheet'!$B:$AA,3,FALSE),"") | I61: =IFERROR(VLOOKUP($D61,'Master Sheet'!$B:$AA,2,FALSE),"") | J61: =IFERROR(VLOOKUP($D61,'Master Sheet'!$B:$AA,5,FALSE),"") | K61: =IFERROR(VLOOKUP($D61,'Master Sheet'!$B:$AA,8,FALSE),"")
G62: =IFERROR(VLOOKUP($D62,'Master Sheet'!$B:$AA,3,FALSE),"") | I62: =IFERROR(VLOOKUP($D62,'Master Sheet'!$B:$AA,2,FALSE),"") | J62: =IFERROR(VLOOKUP($D62,'Master Sheet'!$B:$AA,5,FALSE),"") | K62: =IFERROR(VLOOKUP($D62,'Master Sheet'!$B:$AA,8,FALSE),"")

Sheet Z30
C3: Format
D4: DX
C5: Megapixels
D6: 20.9 MP
C7: Continuous Shooting
D8: 11 FPS
C10: ISO
D11: 100 - 51,200. ISO Expandable to 204,800
C13: Video
D14: 4K/30p and 1080/120p video
C16: Memory
D17: SD UHS-I/SDHC/SDXC
C19: Monitor Size
D20: 3.2 Inch Tilt Touch-LCD | G20: Creator ready.
C22: Order Code | G22: Details | I22: Product Code | J22: Barcode | K22: Dealer (Export)
D24: CAMNIILCZ30 | G24: =IFERROR(VLOOKUP($D24,'Master Sheet'!$B:$AA,3,FALSE),"") -> Nikon Z30 Mirrorless Digital Camera (Body Only) | I24: =IFERROR(VLOOKUP($D24,'Master Sheet'!$B:$AA,2,FALSE),"") -> VOA110AM | J24: =IFERROR(VLOOKUP($D24,'Master Sheet'!$B:$AA,5,FALSE),"") -> 4960759913593 | K24: =IFERROR(VLOOKUP($D24,'Master Sheet'!$B:$AA,8,FALSE),"") -> 13697.955
D25: CAMNIILCZ30K001 | G25: =IFERROR(VLOOKUP($D25,'Master Sheet'!$B:$AA,3,FALSE),"") -> Nikon Z30 Mirrorless Digital Camera +16-50MM f3.5-6.3 VR DX | I25: =IFERROR(VLOOKUP($D25,'Master Sheet'!$B:$AA,2,FALSE),"") -> 0 | J25: =IFERROR(VLOOKUP($D25,'Master Sheet'!$B:$AA,5,FALSE),"") -> 6009658263250 | K25: =IFERROR(VLOOKUP($D25,'Master Sheet'!$B:$AA,8,FALSE),"") -> 16829.955
G26: =IFERROR(VLOOKUP($D26,'Master Sheet'!$B:$AA,3,FALSE),"") | I26: =IFERROR(VLOOKUP($D26,'Master Sheet'!$B:$AA,2,FALSE),"") | J26: =IFERROR(VLOOKUP($D26,'Master Sheet'!$B:$AA,5,FALSE),"") | K26: =IFERROR(VLOOKUP($D26,'Master Sheet'!$B:$AA,8,FALSE),"")
C27: Body Cap
D28: CAMNIACILCBFN1 | G28: =IFERROR(VLOOKUP($D28,'Master Sheet'!$B:$AA,3,FALSE),"") -> BF-N1 Body Cap (Z-Series) | I28: =IFERROR(VLOOKUP($D28,'Master Sheet'!$B:$AA,2,FALSE),"") -> VOD00101 | J28: =IFERROR(VLOOKUP($D28,'Master Sheet'!$B:$AA,5,FALSE),"") -> 4960759901002 | K28: =IFERROR(VLOOKUP($D28,'Master Sheet'!$B:$AA,8,FALSE),"") -> 116.955
C30: Lens Adapter
D31: CAMNIACILCFTZII | G31: =IFERROR(VLOOKUP($D31,'Master Sheet'!$B:$AA,3,FALSE),"") -> FTZ II Mount Adapter | I31: =IFERROR(VLOOKUP($D31,'Master Sheet'!$B:$AA,2,FALSE),"") -> JMA905DA | J31: =IFERROR(VLOOKUP($D31,'Master Sheet'!$B:$AA,5,FALSE),"") -> 018208042647 | K31: =IFERROR(VLOOKUP($D31,'Master Sheet'!$B:$AA,8,FALSE),"") -> 4049.955
G32: =IFERROR(VLOOKUP($D32,'Master Sheet'!$B:$AA,3,FALSE),"") | I32: =IFERROR(VLOOKUP($D32,'Master Sheet'!$B:$AA,2,FALSE),"") | J32: =IFERROR(VLOOKUP($D32,'Master Sheet'!$B:$AA,5,FALSE),"") | K32: =IFERROR(VLOOKUP($D32,'Master Sheet'!$B:$AA,8,FALSE),"")
C33: Lenses
G34: (See Mirrorless Lenses Pricelist Sheets) | I34: =IFERROR(VLOOKUP($D34,'Master Sheet'!$B:$AA,2,FALSE),"") | J34: =IFERROR(VLOOKUP($D34,'Master Sheet'!$B:$AA,5,FALSE),"") | K34: =IFERROR(VLOOKUP($D34,'Master Sheet'!$B:$AA,8,FALSE),"")
G35: =IFERROR(VLOOKUP($D35,'Master Sheet'!$B:$AA,3,FALSE),"") | I35: =IFERROR(VLOOKUP($D35,'Master Sheet'!$B:$AA,2,FALSE),"") | J35: =IFERROR(VLOOKUP($D35,'Master Sheet'!$B:$AA,5,FALSE),"") | K35: =IFERROR(VLOOKUP($D35,'Master Sheet'!$B:$AA,8,FALSE),"")
C36: Speedlights/Flashes
G37: (See Speedlight Pricelist Sheets) | I37: =IFERROR(VLOOKUP($D37,'Master Sheet'!$B:$AA,2,FALSE),"") | J37: =IFERROR(VLOOKUP($D37,'Master Sheet'!$B:$AA,5,FALSE),"") | K37: =IFERROR(VLOOKUP($D37,'Master Sheet'!$B:$AA,8,FALSE),"")
G38: =IFERROR(VLOOKUP($D38,'Master Sheet'!$B:$AA,3,FALSE),"") | I38: =IFERROR(VLOOKUP($D38,'Master Sheet'!$B:$AA,2,FALSE),"") | J38: =IFERROR(VLOOKUP($D38,'Master Sheet'!$B:$AA,5,FALSE),"") | K38: =IFERROR(VLOOKUP($D38,'Master Sheet'!$B:$AA,8,FALSE),"")
C39: Power Accessories
D40: CAMNIACILCMH32 | G40: =IFERROR(VLOOKUP($D40,'Master Sheet'!$B:$AA,3,FALSE),"") -> MH-32 Battery Charger | I40: =IFERROR(VLOOKUP($D40,'Master Sheet'!$B:$AA,2,FALSE),"") -> VEA024EB | J40: =IFERROR(VLOOKUP($D40,'Master Sheet'!$B:$AA,5,FALSE),"") -> 4960759904300 | K40: =IFERROR(VLOOKUP($D40,'Master Sheet'!$B:$AA,8,FALSE),"") -> 917.955
D41: CAMNIACENEL25 | G41: =IFERROR(VLOOKUP($D41,'Master Sheet'!$B:$AA,3,FALSE),"") -> EN-EL25 RECHARGEABLE LI-ION BATTERY | I41: =IFERROR(VLOOKUP($D41,'Master Sheet'!$B:$AA,2,FALSE),"") -> VFB12502 | J41: =IFERROR(VLOOKUP($D41,'Master Sheet'!$B:$AA,5,FALSE),"") -> 4960759903976 | K41: =IFERROR(VLOOKUP($D41,'Master Sheet'!$B:$AA,8,FALSE),"") -> 1574.955
G42: =IFERROR(VLOOKUP($D42,'Master Sheet'!$B:$AA,3,FALSE),"") | I42: =IFERROR(VLOOKUP($D42,'Master Sheet'!$B:$AA,2,FALSE),"") | J42: =IFERROR(VLOOKUP($D42,'Master Sheet'!$B:$AA,5,FALSE),"") | K42: =IFERROR(VLOOKUP($D42,'Master Sheet'!$B:$AA,8,FALSE),"")
C43: Remotes & Releases
D44: CAMNIACMLL7 | G44: =IFERROR(VLOOKUP($D44,'Master Sheet'!$B:$AA,3,FALSE),"") -> ML-L7 REMOTE CONTROL | I44: =IFERROR(VLOOKUP($D44,'Master Sheet'!$B:$AA,2,FALSE),"") -> VAJ57201 | J44: =IFERROR(VLOOKUP($D44,'Master Sheet'!$B:$AA,5,FALSE),"") -> 018208259526 | K44: =IFERROR(VLOOKUP($D44,'Master Sheet'!$B:$AA,8,FALSE),"") -> 800.955
G45: =IFERROR(VLOOKUP($D45,'Master Sheet'!$B:$AA,3,FALSE),"") | I45: =IFERROR(VLOOKUP($D45,'Master Sheet'!$B:$AA,2,FALSE),"") | J45: =IFERROR(VLOOKUP($D45,'Master Sheet'!$B:$AA,5,FALSE),"") | K45: =IFERROR(VLOOKUP($D45,'Master Sheet'!$B:$AA,8,FALSE),"")
C46: Cords & Cables
D47: CAMNIACUCE24 | G47: =IFERROR(VLOOKUP($D47,'Master Sheet'!$B:$AA,3,FALSE),"") -> USB Cable UC-E24 | I47: =IFERROR(VLOOKUP($D47,'Master Sheet'!$B:$AA,2,FALSE),"") -> VDU10701 | J47: =IFERROR(VLOOKUP($D47,'Master Sheet'!$B:$AA,5,FALSE),"") -> 018208042166 | K47: =IFERROR(VLOOKUP($D47,'Master Sheet'!$B:$AA,8,FALSE),"") -> 512.955
D48: CAMNIACUCE25 | G48: =IFERROR(VLOOKUP($D48,'Master Sheet'!$B:$AA,3,FALSE),"") -> USB Cable UC-E25 | I48: =IFERROR(VLOOKUP($D48,'Master Sheet'!$B:$AA,2,FALSE),"") -> VDU10801 | J48: =IFERROR(VLOOKUP($D48,'Master Sheet'!$B:$AA,5,FALSE),"") -> 018208042234 | K48: =IFERROR(VLOOKUP($D48,'Master Sheet'!$B:$AA,8,FALSE),"") -> 575.955
G49: =IFERROR(VLOOKUP($D49,'Master Sheet'!$B:$AA,3,FALSE),"") | I49: =IFERROR(VLOOKUP($D49,'Master Sheet'!$B:$AA,2,FALSE),"") | J49: =IFERROR(VLOOKUP($D49,'Master Sheet'!$B:$AA,5,FALSE),"") | K49: =IFERROR(VLOOKUP($D49,'Master Sheet'!$B:$AA,8,FALSE),"")
C50: Bags
D51: CAMNIAC03012204I | G51: =IFERROR(VLOOKUP($D51,'Master Sheet'!$B:$AA,3,FALSE),"") -> Nikon Shoulder Bag Black 0301-2204I - Black NIKON logo | I51: =IFERROR(VLOOKUP($D51,'Master Sheet'!$B:$AA,2,FALSE),"") -> 0 | J51: =IFERROR(VLOOKUP($D51,'Master Sheet'!$B:$AA,5,FALSE),"") -> No Barcode | K51: =IFERROR(VLOOKUP($D51,'Master Sheet'!$B:$AA,8,FALSE),"") -> 296.955
G52: =IFERROR(VLOOKUP($D52,'Master Sheet'!$B:$AA,3,FALSE),"") | I52: =IFERROR(VLOOKUP($D52,'Master Sheet'!$B:$AA,2,FALSE),"") | J52: =IFERROR(VLOOKUP($D52,'Master Sheet'!$B:$AA,5,FALSE),"") | K52: =IFERROR(VLOOKUP($D52,'Master Sheet'!$B:$AA,8,FALSE),"")
G53: =IFERROR(VLOOKUP($D53,'Master Sheet'!$B:$AA,3,FALSE),"") | I53: =IFERROR(VLOOKUP($D53,'Master Sheet'!$B:$AA,2,FALSE),"") | J53: =IFERROR(VLOOKUP($D53,'Master Sheet'!$B:$AA,5,FALSE),"") | K53: =IFERROR(VLOOKUP($D53,'Master Sheet'!$B:$AA,8,FALSE),"")

Sheet Z Lenses - Wide Angle
G16: Wide Angle -Fixed
C18: Order Code | G18: Details | I18: Product Code | J18: Barcode | K18: Dealer (Export)
D20: Z 20mm F1.8 Z S Lens | I20: HB-95 LENS HOOD
D21: LENNIZ20F1.8 | G21: =IFERROR(VLOOKUP($D21,'Master Sheet'!$B:$AA,3,FALSE),"") -> Nikon NIKKOR Z 20mm F1.8 Z S Lens | I21: =IFERROR(VLOOKUP($D21,'Master Sheet'!$B:$AA,2,FALSE),"") -> JMA104DA | J21: =IFERROR(VLOOKUP($D21,'Master Sheet'!$B:$AA,5,FALSE),"") -> 018208200931 | K21: =IFERROR(VLOOKUP($D21,'Master Sheet'!$B:$AA,8,FALSE),"") -> 19565.955
D22: CAMNIACILCLC77B | G22: =IFERROR(VLOOKUP($D22,'Master Sheet'!$B:$AA,3,FALSE),"") -> 77mm Z-Series Lens Cap | I22: =IFERROR(VLOOKUP($D22,'Master Sheet'!$B:$AA,2,FALSE),"") -> JMD00801 | J22: =IFERROR(VLOOKUP($D22,'Master Sheet'!$B:$AA,5,FALSE),"") -> 4960759902238 | K22: =IFERROR(VLOOKUP($D22,'Master Sheet'!$B:$AA,8,FALSE),"") -> 233.955
D23: CAMNIACILCLFN1 | G23: =IFERROR(VLOOKUP($D23,'Master Sheet'!$B:$AA,3,FALSE),"") -> LF-N1 Rear Lens Cap (Z-Series) | I23: =IFERROR(VLOOKUP($D23,'Master Sheet'!$B:$AA,2,FALSE),"") -> JMD00101 | J23: =IFERROR(VLOOKUP($D23,'Master Sheet'!$B:$AA,5,FALSE),"") -> 018208041824 | K23: =IFERROR(VLOOKUP($D23,'Master Sheet'!$B:$AA,8,FALSE),"") -> 107.955
D24: CAMNIACNC77 | G24: =IFERROR(VLOOKUP($D24,'Master Sheet'!$B:$AA,3,FALSE),"") -> 77MM FILTER NC NEUTRAL COLOUR | I24: =IFERROR(VLOOKUP($D24,'Master Sheet'!$B:$AA,2,FALSE),"") -> FTA60801 | J24: =IFERROR(VLOOKUP($D24,'Master Sheet'!$B:$AA,5,FALSE),"") -> 018208024827 | K24: =IFERROR(VLOOKUP($D24,'Master Sheet'!$B:$AA,8,FALSE),"") -> 1592.955
D25: CAMNIACCPLII77 | G25: =IFERROR(VLOOKUP($D25,'Master Sheet'!$B:$AA,3,FALSE),"") -> 77MM FILTER C-PL II | I25: =IFERROR(VLOOKUP($D25,'Master Sheet'!$B:$AA,2,FALSE),"") -> FTA61001 | J25: =IFERROR(VLOOKUP($D25,'Master Sheet'!$B:$AA,5,FALSE),"") -> 018208022601 | K25: =IFERROR(VLOOKUP($D25,'Master Sheet'!$B:$AA,8,FALSE),"") -> 3680.955
G26: =IFERROR(VLOOKUP($D26,'Master Sheet'!$B:$AA,3,FALSE),"") | I26: =IFERROR(VLOOKUP($D26,'Master Sheet'!$B:$AA,2,FALSE),"") | J26: =IFERROR(VLOOKUP($D26,'Master Sheet'!$B:$AA,5,FALSE),"") | K26: =IFERROR(VLOOKUP($D26,'Master Sheet'!$B:$AA,8,FALSE),"")
D27: Z 24mm f/1.7 DX Lens | G27: =IFERROR(VLOOKUP($D27,'Master Sheet'!$B:$AA,3,FALSE),"") | I27: HN-42 LENS HOOD | J27: =IFERROR(VLOOKUP($D27,'Master Sheet'!$B:$AA,5,FALSE),"") | K27: =IFERROR(VLOOKUP($D27,'Master Sheet'!$B:$AA,8,FALSE),"")
D28: LENNIZ24F1.7 | G28: =IFERROR(VLOOKUP($D28,'Master Sheet'!$B:$AA,3,FALSE),"") -> Nikon NIKKOR Z 24mm f/1.7 DX Lens | I28: =IFERROR(VLOOKUP($D28,'Master Sheet'!$B:$AA,2,FALSE),"") -> JMA109DA | J28: =IFERROR(VLOOKUP($D28,'Master Sheet'!$B:$AA,5,FALSE),"") -> 018208201198 | K28: =IFERROR(VLOOKUP($D28,'Master Sheet'!$B:$AA,8,FALSE),"") -> 5246.955
D29: CAMNIACILCLC46B | G29: =IFERROR(VLOOKUP($D29,'Master Sheet'!$B:$AA,3,FALSE),"") -> 46mm Z-Series Lens Cap | I29: =IFERROR(VLOOKUP($D29,'Master Sheet'!$B:$AA,2,FALSE),"") -> JMD00501 | J29: =IFERROR(VLOOKUP($D29,'Master Sheet'!$B:$AA,5,FALSE),"") -> 018208042098 | K29: =IFERROR(VLOOKUP($D29,'Master Sheet'!$B:$AA,8,FALSE),"") -> 98.955
D30: CAMNIACILCLFN1 | G30: =IFERROR(VLOOKUP($D30,'Master Sheet'!$B:$AA,3,FALSE),"") -> LF-N1 Rear Lens Cap (Z-Series) | I30: =IFERROR(VLOOKUP($D30,'Master Sheet'!$B:$AA,2,FALSE),"") -> JMD00101 | J30: =IFERROR(VLOOKUP($D30,'Master Sheet'!$B:$AA,5,FALSE),"") -> 018208041824 | K30: =IFERROR(VLOOKUP($D30,'Master Sheet'!$B:$AA,8,FALSE),"") -> 107.955
D31: CAMNIACNC46 | G31: =IFERROR(VLOOKUP($D31,'Master Sheet'!$B:$AA,3,FALSE),"") -> 46MM FILTER NC NEUTRAL COLOUR | I31: =IFERROR(VLOOKUP($D31,'Master Sheet'!$B:$AA,2,FALSE),"") -> FTA71001 | J31: =IFERROR(VLOOKUP($D31,'Master Sheet'!$B:$AA,5,FALSE),"") -> 018208024940 | K31: =IFERROR(VLOOKUP($D31,'Master Sheet'!$B:$AA,8,FALSE),"") -> 377.955
G32: =IFERROR(VLOOKUP($D32,'Master Sheet'!$B:$AA,3,FALSE),"") | I32: =IFERROR(VLOOKUP($D32,'Master Sheet'!$B:$AA,2,FALSE),"") | J32: =IFERROR(VLOOKUP($D32,'Master Sheet'!$B:$AA,5,FALSE),"") | K32: =IFERROR(VLOOKUP($D32,'Master Sheet'!$B:$AA,8,FALSE),"")
D33: Z 24mm f/1.8 S Lens | G33: =IFERROR(VLOOKUP($D33,'Master Sheet'!$B:$AA,3,FALSE),"") | I33: HB-88 LENS HOOD | K33: =IFERROR(VLOOKUP($D33,'Master Sheet'!$B:$AA,8,FALSE),"")
D34: LENNIZ24F1.8 | G34: =IFERROR(VLOOKUP($D34,'Master Sheet'!$B:$AA,3,FALSE),"") -> Nikon NIKKOR Z 24mm f/1.8 S Lens | I34: =IFERROR(VLOOKUP($D34,'Master Sheet'!$B:$AA,2,FALSE),"") -> JMA103DA | J34: =IFERROR(VLOOKUP($D34,'Master Sheet'!$B:$AA,5,FALSE),"") -> 018208200801 | K34: =IFERROR(VLOOKUP($D34,'Master Sheet'!$B:$AA,8,FALSE),"") -> 17999.955
D35: CAMNIACILCLC72B | G35: =IFERROR(VLOOKUP($D35,'Master Sheet'!$B:$AA,3,FALSE),"") -> 72mm Z-Series Lens Cap | I35: =IFERROR(VLOOKUP($D35,'Master Sheet'!$B:$AA,2,FALSE),"") -> JMD00301 | J35: =IFERROR(VLOOKUP($D35,'Master Sheet'!$B:$AA,5,FALSE),"") -> 018208041954 | K35: =IFERROR(VLOOKUP($D35,'Master Sheet'!$B:$AA,8,FALSE),"") -> 188.955
D36: CAMNIACILCLFN1 | G36: =IFERROR(VLOOKUP($D36,'Master Sheet'!$B:$AA,3,FALSE),"") -> LF-N1 Rear Lens Cap (Z-Series) | I36: =IFERROR(VLOOKUP($D36,'Master Sheet'!$B:$AA,2,FALSE),"") -> JMD00101 | J36: =IFERROR(VLOOKUP($D36,'Master Sheet'!$B:$AA,5,FALSE),"") -> 018208041824 | K36: =IFERROR(VLOOKUP($D36,'Master Sheet'!$B:$AA,8,FALSE),"") -> 107.955
D37: CAMNIACNC72 | G37: =IFERROR(VLOOKUP($D37,'Master Sheet'!$B:$AA,3,FALSE),"") -> 72MM FILTER NC NEUTRAL COLOUR | I37: =IFERROR(VLOOKUP($D37,'Master Sheet'!$B:$AA,2,FALSE),"") -> FTA16601 | J37: =IFERROR(VLOOKUP($D37,'Master Sheet'!$B:$AA,5,FALSE),"") -> 018208024810 | K37: =IFERROR(VLOOKUP($D37,'Master Sheet'!$B:$AA,8,FALSE),"") -> 1439.955
D38: CAMNIACCPLII72 | G38: =IFERROR(VLOOKUP($D38,'Master Sheet'!$B:$AA,3,FALSE),"") -> 72MM FILTER C-PL II | I38: =IFERROR(VLOOKUP($D38,'Master Sheet'!$B:$AA,2,FALSE),"") -> FTA16701 | J38: =IFERROR(VLOOKUP($D38,'Master Sheet'!$B:$AA,5,FALSE),"") -> 018208022571 | K38: =IFERROR(VLOOKUP($D38,'Master Sheet'!$B:$AA,8,FALSE),"") -> 3059.955
G39: =IFERROR(VLOOKUP($D39,'Master Sheet'!$B:$AA,3,FALSE),"") | I39: =IFERROR(VLOOKUP($D39,'Master Sheet'!$B:$AA,2,FALSE),"") | J39: =IFERROR(VLOOKUP($D39,'Master Sheet'!$B:$AA,5,FALSE),"") | K39: =IFERROR(VLOOKUP($D39,'Master Sheet'!$B:$AA,8,FALSE),"")
D40: Z 26mm f/2.8 Lens | G40: =IFERROR(VLOOKUP($D40,'Master Sheet'!$B:$AA,3,FALSE),"") | I40: HB-111 LENS HOOD | K40: =IFERROR(VLOOKUP($D40,'Master Sheet'!$B:$AA,8,FALSE),"")
D41: LENNIZ26F2.8 | G41: =IFERROR(VLOOKUP($D41,'Master Sheet'!$B:$AA,3,FALSE),"") -> Nikon NIKKOR Z 26mm f/2.8 Lens | I41: =IFERROR(VLOOKUP($D41,'Master Sheet'!$B:$AA,2,FALSE),"") -> JMA108DA | J41: =IFERROR(VLOOKUP($D41,'Master Sheet'!$B:$AA,5,FALSE),"") -> 018208201167 | K41: =IFERROR(VLOOKUP($D41,'Master Sheet'!$B:$AA,8,FALSE),"") -> 8999.955
D42: CAMNIACILCLFN1 | G42: =IFERROR(VLOOKUP($D42,'Master Sheet'!$B:$AA,3,FALSE),"") -> LF-N1 Rear Lens Cap (Z-Series) | I42: =IFERROR(VLOOKUP($D42,'Master Sheet'!$B:$AA,2,FALSE),"") -> JMD00101 | J42: =IFERROR(VLOOKUP($D42,'Master Sheet'!$B:$AA,5,FALSE),"") -> 018208041824 | K42: =IFERROR(VLOOKUP($D42,'Master Sheet'!$B:$AA,8,FALSE),"") -> 107.955
D43: CAMNIACNC52 | G43: =IFERROR(VLOOKUP($D43,'Master Sheet'!$B:$AA,3,FALSE),"") -> 52MM FILTER NC NEUTRAL COLOUR | I43: =IFERROR(VLOOKUP($D43,'Master Sheet'!$B:$AA,2,FALSE),"") -> FTA07701 | J43: =IFERROR(VLOOKUP($D43,'Master Sheet'!$B:$AA,5,FALSE),"") -> 018208024797 | K43: =IFERROR(VLOOKUP($D43,'Master Sheet'!$B:$AA,8,FALSE),"") -> 512.955
D44: CAMNIACCPLII52 | G44: =IFERROR(VLOOKUP($D44,'Master Sheet'!$B:$AA,3,FALSE),"") -> 52MM FILTER C-PL II | I44: =IFERROR(VLOOKUP($D44,'Master Sheet'!$B:$AA,2,FALSE),"") -> FTA08001 | J44: =IFERROR(VLOOKUP($D44,'Master Sheet'!$B:$AA,5,FALSE),"") -> 018208022335 | K44: =IFERROR(VLOOKUP($D44,'Master Sheet'!$B:$AA,8,FALSE),"") -> 1736.955
G45: =IFERROR(VLOOKUP($D45,'Master Sheet'!$B:$AA,3,FALSE),"") | I45: =IFERROR(VLOOKUP($D45,'Master Sheet'!$B:$AA,2,FALSE),"") | J45: =IFERROR(VLOOKUP($D45,'Master Sheet'!$B:$AA,5,FALSE),"") | K45: =IFERROR(VLOOKUP($D45,'Master Sheet'!$B:$AA,8,FALSE),"")
D46: Z 28mm f/2.8 Lens | G46: =IFERROR(VLOOKUP($D46,'Master Sheet'!$B:$AA,3,FALSE),"") | I46: =IFERROR(VLOOKUP($D46,'Master Sheet'!$B:$AA,2,FALSE),"") | J46: =IFERROR(VLOOKUP($D46,'Master Sheet'!$B:$AA,5,FALSE),"") | K46: =IFERROR(VLOOKUP($D46,'Master Sheet'!$B:$AA,8,FALSE),"")
D47: LENNIZ28F2.8 | G47: =IFERROR(VLOOKUP($D47,'Master Sheet'!$B:$AA,3,FALSE),"") -> Nikon NIKKOR Z 28mm f/2.8 Lens | I47: =IFERROR(VLOOKUP($D47,'Master Sheet'!$B:$AA,2,FALSE),"") -> JMA105DA | J47: =IFERROR(VLOOKUP($D47,'Master Sheet'!$B:$AA,5,FALSE),"") -> 018208201013 | K47: =IFERROR(VLOOKUP($D47,'Master Sheet'!$B:$AA,8,FALSE),"") -> 4931.955
D48: CAMNIACILCLC52B | G48: =IFERROR(VLOOKUP($D48,'Master Sheet'!$B:$AA,3,FALSE),"") -> 52mm Z-Series Lens Cap | I48: =IFERROR(VLOOKUP($D48,'Master Sheet'!$B:$AA,2,FALSE),"") -> JMD01101 | J48: =IFERROR(VLOOKUP($D48,'Master Sheet'!$B:$AA,5,FALSE),"") -> 018208042449 | K48: =IFERROR(VLOOKUP($D48,'Master Sheet'!$B:$AA,8,FALSE),"") -> 116.955
D49: CAMNIACILCLFN1 | G49: =IFERROR(VLOOKUP($D49,'Master Sheet'!$B:$AA,3,FALSE),"") -> LF-N1 Rear Lens Cap (Z-Series) | I49: =IFERROR(VLOOKUP($D49,'Master Sheet'!$B:$AA,2,FALSE),"") -> JMD00101 | J49: =IFERROR(VLOOKUP($D49,'Master Sheet'!$B:$AA,5,FALSE),"") -> 018208041824 | K49: =IFERROR(VLOOKUP($D49,'Master Sheet'!$B:$AA,8,FALSE),"") -> 107.955
D50: CAMNIACNC52 | G50: =IFERROR(VLOOKUP($D50,'Master Sheet'!$B:$AA,3,FALSE),"") -> 52MM FILTER NC NEUTRAL COLOUR | I50: =IFERROR(VLOOKUP($D50,'Master Sheet'!$B:$AA,2,FALSE),"") -> FTA07701 | J50: =IFERROR(VLOOKUP($D50,'Master Sheet'!$B:$AA,5,FALSE),"") -> 018208024797 | K50: =IFERROR(VLOOKUP($D50,'Master Sheet'!$B:$AA,8,FALSE),"") -> 512.955
D51: CAMNIACCPLII52 | G51: =IFERROR(VLOOKUP($D51,'Master Sheet'!$B:$AA,3,FALSE),"") -> 52MM FILTER C-PL II | I51: =IFERROR(VLOOKUP($D51,'Master Sheet'!$B:$AA,2,FALSE),"") -> FTA08001 | J51: =IFERROR(VLOOKUP($D51,'Master Sheet'!$B:$AA,5,FALSE),"") -> 018208022335 | K51: =IFERROR(VLOOKUP($D51,'Master Sheet'!$B:$AA,8,FALSE),"") -> 1736.955
G52: =IFERROR(VLOOKUP($D52,'Master Sheet'!$B:$AA,3,FALSE),"") | I52: =IFERROR(VLOOKUP($D52,'Master Sheet'!$B:$AA,2,FALSE),"") | J52: =IFERROR(VLOOKUP($D52,'Master Sheet'!$B:$AA,5,FALSE),"") | K52: =IFERROR(VLOOKUP($D52,'Master Sheet'!$B:$AA,8,FALSE),"")
D53: Z 28mm f/2.8 SE Lens | G53: =IFERROR(VLOOKUP($D53,'Master Sheet'!$B:$AA,3,FALSE),"") | I53: =IFERROR(VLOOKUP($D53,'Master Sheet'!$B:$AA,2,FALSE),"") | J53: =IFERROR(VLOOKUP($D53,'Master Sheet'!$B:$AA,5,FALSE),"") | K53: =IFERROR(VLOOKUP($D53,'Master Sheet'!$B:$AA,8,FALSE),"")
D54: LENNIZ28F2.8SE | G54: =IFERROR(VLOOKUP($D54,'Master Sheet'!$B:$AA,3,FALSE),"") -> Nikon NIKKOR Z 28mm f/2.8 SE Lens | I54: =IFERROR(VLOOKUP($D54,'Master Sheet'!$B:$AA,2,FALSE),"") -> JMA107DA | J54: =IFERROR(VLOOKUP($D54,'Master Sheet'!$B:$AA,5,FALSE),"") -> 018208201105 | K54: =IFERROR(VLOOKUP($D54,'Master Sheet'!$B:$AA,8,FALSE),"") -> 4931.955
D55: CAMNIACILCLC52B | G55: =IFERROR(VLOOKUP($D55,'Master Sheet'!$B:$AA,3,FALSE),"") -> 52mm Z-Series Lens Cap | I55: =IFERROR(VLOOKUP($D55,'Master Sheet'!$B:$AA,2,FALSE),"") -> JMD01101 | J55: =IFERROR(VLOOKUP($D55,'Master Sheet'!$B:$AA,5,FALSE),"") -> 018208042449 | K55: =IFERROR(VLOOKUP($D55,'Master Sheet'!$B:$AA,8,FALSE),"") -> 116.955
D56: CAMNIACILCLFN1 | G56: =IFERROR(VLOOKUP($D56,'Master Sheet'!$B:$AA,3,FALSE),"") -> LF-N1 Rear Lens Cap (Z-Series) | I56: =IFERROR(VLOOKUP($D56,'Master Sheet'!$B:$AA,2,FALSE),"") -> JMD00101 | J56: =IFERROR(VLOOKUP($D56,'Master Sheet'!$B:$AA,5,FALSE),"") -> 018208041824 | K56: =IFERROR(VLOOKUP($D56,'Master Sheet'!$B:$AA,8,FALSE),"") -> 107.955
D57: CAMNIACNC52 | G57: =IFERROR(VLOOKUP($D57,'Master Sheet'!$B:$AA,3,FALSE),"") -> 52MM FILTER NC NEUTRAL COLOUR | I57: =IFERROR(VLOOKUP($D57,'Master Sheet'!$B:$AA,2,FALSE),"") -> FTA07701 | J57: =IFERROR(VLOOKUP($D57,'Master Sheet'!$B:$AA,5,FALSE),"") -> 018208024797 | K57: =IFERROR(VLOOKUP($D57,'Master Sheet'!$B:$AA,8,FALSE),"") -> 512.955
D58: CAMNIACCPLII52 | G58: =IFERROR(VLOOKUP($D58,'Master Sheet'!$B:$AA,3,FALSE),"") -> 52MM FILTER C-PL II | I58: =IFERROR(VLOOKUP($D58,'Master Sheet'!$B:$AA,2,FALSE),"") -> FTA08001 | J58: =IFERROR(VLOOKUP($D58,'Master Sheet'!$B:$AA,5,FALSE),"") -> 018208022335 | K58: =IFERROR(VLOOKUP($D58,'Master Sheet'!$B:$AA,8,FALSE),"") -> 1736.955
G59: =IFERROR(VLOOKUP($D59,'Master Sheet'!$B:$AA,3,FALSE),"") | I59: =IFERROR(VLOOKUP($D59,'Master Sheet'!$B:$AA,2,FALSE),"") | J59: =IFERROR(VLOOKUP($D59,'Master Sheet'!$B:$AA,5,FALSE),"") | K59: =IFERROR(VLOOKUP($D59,'Master Sheet'!$B:$AA,8,FALSE),"")
D60: Z 35MM F1.4 Z LENS | G60: =IFERROR(VLOOKUP($D60,'Master Sheet'!$B:$AA,3,FALSE),"") | I60: HB-115 LENS HOOD | K60: =IFERROR(VLOOKUP($D60,'Master Sheet'!$B:$AA,8,FALSE),"")
D61: LENNIZ35F1.4 | G61: =IFERROR(VLOOKUP($D61,'Master Sheet'!$B:$AA,3,FALSE),"") -> Nikon NIKKOR Z 35MM F1.4 Z LENS | I61: =IFERROR(VLOOKUP($D61,'Master Sheet'!$B:$AA,2,FALSE),"") -> JMA112DA | J61: =IFERROR(VLOOKUP($D61,'Master Sheet'!$B:$AA,5,FALSE),"") -> 018208201266 | K61: =IFERROR(VLOOKUP($D61,'Master Sheet'!$B:$AA,8,FALSE),"") -> 10178.955
D62: CAMNIACILCLC62B | G62: =IFERROR(VLOOKUP($D62,'Master Sheet'!$B:$AA,3,FALSE),"") -> 62mm Z-Series Lens Cap | I62: =IFERROR(VLOOKUP($D62,'Master Sheet'!$B:$AA,2,FALSE),"") -> JMD00201 | J62: =IFERROR(VLOOKUP($D62,'Master Sheet'!$B:$AA,5,FALSE),"") -> 4960759149893 | K62: =IFERROR(VLOOKUP($D62,'Master Sheet'!$B:$AA,8,FALSE),"") -> 170.955
D63: CAMNIACILCLFN1 | G63: =IFERROR(VLOOKUP($D63,'Master Sheet'!$B:$AA,3,FALSE),"") -> LF-N1 Rear Lens Cap (Z-Series) | I63: =IFERROR(VLOOKUP($D63,'Master Sheet'!$B:$AA,2,FALSE),"") -> JMD00101 | J63: =IFERROR(VLOOKUP($D63,'Master Sheet'!$B:$AA,5,FALSE),"") -> 018208041824 | K63: =IFERROR(VLOOKUP($D63,'Master Sheet'!$B:$AA,8,FALSE),"") -> 107.955
D64: CAMNIACNC62 | G64: =IFERROR(VLOOKUP($D64,'Master Sheet'!$B:$AA,3,FALSE),"") -> 62MM FILTER NC NEUTRAL COLOUR | I64: =IFERROR(VLOOKUP($D64,'Master Sheet'!$B:$AA,2,FALSE),"") -> FTA11401 | J64: =IFERROR(VLOOKUP($D64,'Master Sheet'!$B:$AA,5,FALSE),"") -> 018208024803 | K64: =IFERROR(VLOOKUP($D64,'Master Sheet'!$B:$AA,8,FALSE),"") -> 710.955
D65: CAMNIACCPLII62 | G65: =IFERROR(VLOOKUP($D65,'Master Sheet'!$B:$AA,3,FALSE),"") -> 62MM C-PL II FILTER | I65: =IFERROR(VLOOKUP($D65,'Master Sheet'!$B:$AA,2,FALSE),"") -> FTA11501 | J65: =IFERROR(VLOOKUP($D65,'Master Sheet'!$B:$AA,5,FALSE),"") -> 018208022526 | K65: =IFERROR(VLOOKUP($D65,'Master Sheet'!$B:$AA,8,FALSE),"") -> 2447.955
G66: =IFERROR(VLOOKUP($D66,'Master Sheet'!$B:$AA,3,FALSE),"") | I66: =IFERROR(VLOOKUP($D66,'Master Sheet'!$B:$AA,2,FALSE),"") | J66: =IFERROR(VLOOKUP($D66,'Master Sheet'!$B:$AA,5,FALSE),"") | K66: =IFERROR(VLOOKUP($D66,'Master Sheet'!$B:$AA,8,FALSE),"")
D67: Z 35MM F1.8 Z S LENS | G67: =IFERROR(VLOOKUP($D67,'Master Sheet'!$B:$AA,3,FALSE),"") | I67: HB-89 LENS HOOD | J67: =IFERROR(VLOOKUP($D67,'Master Sheet'!$B:$AA,5,FALSE),"") | K67: =IFERROR(VLOOKUP($D67,'Master Sheet'!$B:$AA,8,FALSE),"")
D68: LENNIZ35F1.8 | G68: =IFERROR(VLOOKUP($D68,'Master Sheet'!$B:$AA,3,FALSE),"") -> Nikon NIKKOR Z 35MM F1.8 Z S LENS | I68: =IFERROR(VLOOKUP($D68,'Master Sheet'!$B:$AA,2,FALSE),"") -> JMA102DA | J68: =IFERROR(VLOOKUP($D68,'Master Sheet'!$B:$AA,5,FALSE),"") -> 018208200818 | K68: =IFERROR(VLOOKUP($D68,'Master Sheet'!$B:$AA,8,FALSE),"") -> 15659.955
D69: CAMNIACILCLC62B | G69: =IFERROR(VLOOKUP($D69,'Master Sheet'!$B:$AA,3,FALSE),"") -> 62mm Z-Series Lens Cap | I69: =IFERROR(VLOOKUP($D69,'Master Sheet'!$B:$AA,2,FALSE),"") -> JMD00201 | J69: =IFERROR(VLOOKUP($D69,'Master Sheet'!$B:$AA,5,FALSE),"") -> 4960759149893 | K69: =IFERROR(VLOOKUP($D69,'Master Sheet'!$B:$AA,8,FALSE),"") -> 170.955
D70: CAMNIACILCLFN1 | G70: =IFERROR(VLOOKUP($D70,'Master Sheet'!$B:$AA,3,FALSE),"") -> LF-N1 Rear Lens Cap (Z-Series) | I70: =IFERROR(VLOOKUP($D70,'Master Sheet'!$B:$AA,2,FALSE),"") -> JMD00101 | J70: =IFERROR(VLOOKUP($D70,'Master Sheet'!$B:$AA,5,FALSE),"") -> 018208041824 | K70: =IFERROR(VLOOKUP($D70,'Master Sheet'!$B:$AA,8,FALSE),"") -> 107.955
D71: CAMNIACNC62 | G71: =IFERROR(VLOOKUP($D71,'Master Sheet'!$B:$AA,3,FALSE),"") -> 62MM FILTER NC NEUTRAL COLOUR | I71: =IFERROR(VLOOKUP($D71,'Master Sheet'!$B:$AA,2,FALSE),"") -> FTA11401 | J71: =IFERROR(VLOOKUP($D71,'Master Sheet'!$B:$AA,5,FALSE),"") -> 018208024803 | K71: =IFERROR(VLOOKUP($D71,'Master Sheet'!$B:$AA,8,FALSE),"") -> 710.955
D72: CAMNIACCPLII62 | G72: =IFERROR(VLOOKUP($D72,'Master Sheet'!$B:$AA,3,FALSE),"") -> 62MM C-PL II FILTER | I72: =IFERROR(VLOOKUP($D72,'Master Sheet'!$B:$AA,2,FALSE),"") -> FTA11501 | J72: =IFERROR(VLOOKUP($D72,'Master Sheet'!$B:$AA,5,FALSE),"") -> 018208022526 | K72: =IFERROR(VLOOKUP($D72,'Master Sheet'!$B:$AA,8,FALSE),"") -> 2447.955
G73: =IFERROR(VLOOKUP($D73,'Master Sheet'!$B:$AA,3,FALSE),"") | I73: =IFERROR(VLOOKUP($D73,'Master Sheet'!$B:$AA,2,FALSE),"") | J73: =IFERROR(VLOOKUP($D73,'Master Sheet'!$B:$AA,5,FALSE),"") | K73: =IFERROR(VLOOKUP($D73,'Master Sheet'!$B:$AA,8,FALSE),"")
D74: Z 40MM F2 Z LENS | G74: =IFERROR(VLOOKUP($D74,'Master Sheet'!$B:$AA,3,FALSE),"") | I74: =IFERROR(VLOOKUP($D74,'Master Sheet'!$B:$AA,2,FALSE),"") | J74: =IFERROR(VLOOKUP($D74,'Master Sheet'!$B:$AA,5,FALSE),"") | K74: =IFERROR(VLOOKUP($D74,'Master Sheet'!$B:$AA,8,FALSE),"")
D75: LENNIZ40F2 | G75: =IFERROR(VLOOKUP($D75,'Master Sheet'!$B:$AA,3,FALSE),"") -> Nikon NIKKOR Z 40mm f/2 Lens | I75: =IFERROR(VLOOKUP($D75,'Master Sheet'!$B:$AA,2,FALSE),"") -> JMA106DA | J75: =IFERROR(VLOOKUP($D75,'Master Sheet'!$B:$AA,5,FALSE),"") -> 018208201020 | K75: =IFERROR(VLOOKUP($D75,'Master Sheet'!$B:$AA,8,FALSE),"") -> 5093.955
D76: CAMNIACILCLC52B | G76: =IFERROR(VLOOKUP($D76,'Master Sheet'!$B:$AA,3,FALSE),"") -> 52mm Z-Series Lens Cap | I76: =IFERROR(VLOOKUP($D76,'Master Sheet'!$B:$AA,2,FALSE),"") -> JMD01101 | J76: =IFERROR(VLOOKUP($D76,'Master Sheet'!$B:$AA,5,FALSE),"") -> 018208042449 | K76: =IFERROR(VLOOKUP($D76,'Master Sheet'!$B:$AA,8,FALSE),"") -> 116.955
D77: CAMNIACILCLFN1 | G77: =IFERROR(VLOOKUP($D77,'Master Sheet'!$B:$AA,3,FALSE),"") -> LF-N1 Rear Lens Cap (Z-Series) | I77: =IFERROR(VLOOKUP($D77,'Master Sheet'!$B:$AA,2,FALSE),"") -> JMD00101 | J77: =IFERROR(VLOOKUP($D77,'Master Sheet'!$B:$AA,5,FALSE),"") -> 018208041824 | K77: =IFERROR(VLOOKUP($D77,'Master Sheet'!$B:$AA,8,FALSE),"") -> 107.955
D78: CAMNIACNC52 | G78: =IFERROR(VLOOKUP($D78,'Master Sheet'!$B:$AA,3,FALSE),"") -> 52MM FILTER NC NEUTRAL COLOUR | I78: =IFERROR(VLOOKUP($D78,'Master Sheet'!$B:$AA,2,FALSE),"") -> FTA07701 | J78: =IFERROR(VLOOKUP($D78,'Master Sheet'!$B:$AA,5,FALSE),"") -> 018208024797 | K78: =IFERROR(VLOOKUP($D78,'Master Sheet'!$B:$AA,8,FALSE),"") -> 512.955
D79: CAMNIACCPLII52 | G79: =IFERROR(VLOOKUP($D79,'Master Sheet'!$B:$AA,3,FALSE),"") -> 52MM FILTER C-PL II | I79: =IFERROR(VLOOKUP($D79,'Master Sheet'!$B:$AA,2,FALSE),"") -> FTA08001 | J79: =IFERROR(VLOOKUP($D79,'Master Sheet'!$B:$AA,5,FALSE),"") -> 018208022335 | K79: =IFERROR(VLOOKUP($D79,'Master Sheet'!$B:$AA,8,FALSE),"") -> 1736.955
G80: =IFERROR(VLOOKUP($D80,'Master Sheet'!$B:$AA,3,FALSE),"") | I80: =IFERROR(VLOOKUP($D80,'Master Sheet'!$B:$AA,2,FALSE),"") | J80: =IFERROR(VLOOKUP($D80,'Master Sheet'!$B:$AA,5,FALSE),"") | K80: =IFERROR(VLOOKUP($D80,'Master Sheet'!$B:$AA,8,FALSE),"")
D81: Z 40MM F2 SE Z LENS | G81: =IFERROR(VLOOKUP($D81,'Master Sheet'!$B:$AA,3,FALSE),"") | I81: =IFERROR(VLOOKUP($D81,'Master Sheet'!$B:$AA,2,FALSE),"") | J81: =IFERROR(VLOOKUP($D81,'Master Sheet'!$B:$AA,5,FALSE),"") | K81: =IFERROR(VLOOKUP($D81,'Master Sheet'!$B:$AA,8,FALSE),"")
D82: LENNIZ40F2SE | G82: =IFERROR(VLOOKUP($D82,'Master Sheet'!$B:$AA,3,FALSE),"") -> Nikon NIKKOR Z 40mm f/2 SE Lens | I82: =IFERROR(VLOOKUP($D82,'Master Sheet'!$B:$AA,2,FALSE),"") -> JMA110DA | J82: =IFERROR(VLOOKUP($D82,'Master Sheet'!$B:$AA,5,FALSE),"") -> 018208201211 | K82: =IFERROR(VLOOKUP($D82,'Master Sheet'!$B:$AA,8,FALSE),"") -> 5093.955
D83: CAMNIACILCLC52B | G83: =IFERROR(VLOOKUP($D83,'Master Sheet'!$B:$AA,3,FALSE),"") -> 52mm Z-Series Lens Cap | I83: =IFERROR(VLOOKUP($D83,'Master Sheet'!$B:$AA,2,FALSE),"") -> JMD01101 | J83: =IFERROR(VLOOKUP($D83,'Master Sheet'!$B:$AA,5,FALSE),"") -> 018208042449 | K83: =IFERROR(VLOOKUP($D83,'Master Sheet'!$B:$AA,8,FALSE),"") -> 116.955
D84: CAMNIACILCLFN1 | G84: =IFERROR(VLOOKUP($D84,'Master Sheet'!$B:$AA,3,FALSE),"") -> LF-N1 Rear Lens Cap (Z-Series) | I84: =IFERROR(VLOOKUP($D84,'Master Sheet'!$B:$AA,2,FALSE),"") -> JMD00101 | J84: =IFERROR(VLOOKUP($D84,'Master Sheet'!$B:$AA,5,FALSE),"") -> 018208041824 | K84: =IFERROR(VLOOKUP($D84,'Master Sheet'!$B:$AA,8,FALSE),"") -> 107.955
D85: CAMNIACNC52 | G85: =IFERROR(VLOOKUP($D85,'Master Sheet'!$B:$AA,3,FALSE),"") -> 52MM FILTER NC NEUTRAL COLOUR | I85: =IFERROR(VLOOKUP($D85,'Master Sheet'!$B:$AA,2,FALSE),"") -> FTA07701 | J85: =IFERROR(VLOOKUP($D85,'Master Sheet'!$B:$AA,5,FALSE),"") -> 018208024797 | K85: =IFERROR(VLOOKUP($D85,'Master Sheet'!$B:$AA,8,FALSE),"") -> 512.955
D86: CAMNIACCPLII52 | G86: =IFERROR(VLOOKUP($D86,'Master Sheet'!$B:$AA,3,FALSE),"") -> 52MM FILTER C-PL II | I86: =IFERROR(VLOOKUP($D86,'Master Sheet'!$B:$AA,2,FALSE),"") -> FTA08001 | J86: =IFERROR(VLOOKUP($D86,'Master Sheet'!$B:$AA,5,FALSE),"") -> 018208022335 | K86: =IFERROR(VLOOKUP($D86,'Master Sheet'!$B:$AA,8,FALSE),"") -> 1736.955
G88: =IFERROR(VLOOKUP($D88,'Master Sheet'!$B:$AA,3,FALSE),"") | I88: =IFERROR(VLOOKUP($D88,'Master Sheet'!$B:$AA,2,FALSE),"") | J88: =IFERROR(VLOOKUP($D88,'Master Sheet'!$B:$AA,5,FALSE),"") | K88: =IFERROR(VLOOKUP($D88,'Master Sheet'!$B:$AA,8,FALSE),"")
G89: Wide Angle -Zoom
C91: Order Code | G91: Details | I91: Product Code | J91: Barcode | K91: Dealer (Export)
D93: Z 12-28mm f3.5-6.3 VR PZ DX Lens | I93: HB-112 LENS HOOD
D94: LENNIZ12-28 | G94: =IFERROR(VLOOKUP($D94,'Master Sheet'!$B:$AA,3,FALSE),"") -> Nikon NIKKOR Z 12-28MM f3.5-6.3 VR PZ DX Lens | I94: =IFERROR(VLOOKUP($D94,'Master Sheet'!$B:$AA,2,FALSE),"") -> JMA719DA | J94: =IFERROR(VLOOKUP($D94,'Master Sheet'!$B:$AA,5,FALSE),"") -> 018208201181 | K94: =IFERROR(VLOOKUP($D94,'Master Sheet'!$B:$AA,8,FALSE),"") -> 6263.955
D95: CAMNIACILCLC67B | G95: =IFERROR(VLOOKUP($D95,'Master Sheet'!$B:$AA,3,FALSE),"") -> 67mm Z-Series Lens Cap | I95: =IFERROR(VLOOKUP($D95,'Master Sheet'!$B:$AA,2,FALSE),"") -> JMD00701 | J95: =IFERROR(VLOOKUP($D95,'Master Sheet'!$B:$AA,5,FALSE),"") -> 018208042302 | K95: =IFERROR(VLOOKUP($D95,'Master Sheet'!$B:$AA,8,FALSE),"") -> 161.955
D96: CAMNIACILCLFN1 | G96: =IFERROR(VLOOKUP($D96,'Master Sheet'!$B:$AA,3,FALSE),"") -> LF-N1 Rear Lens Cap (Z-Series) | I96: =IFERROR(VLOOKUP($D96,'Master Sheet'!$B:$AA,2,FALSE),"") -> JMD00101 | J96: =IFERROR(VLOOKUP($D96,'Master Sheet'!$B:$AA,5,FALSE),"") -> 018208041824 | K96: =IFERROR(VLOOKUP($D96,'Master Sheet'!$B:$AA,8,FALSE),"") -> 107.955
D97: CAMNIACNC67 | G97: =IFERROR(VLOOKUP($D97,'Master Sheet'!$B:$AA,3,FALSE),"") -> 67MM FILTER NC NEUTRAL COLOUR | I97: =IFERROR(VLOOKUP($D97,'Master Sheet'!$B:$AA,2,FALSE),"") -> FTA13101 | J97: =IFERROR(VLOOKUP($D97,'Master Sheet'!$B:$AA,5,FALSE),"") -> 018208022885 | K97: =IFERROR(VLOOKUP($D97,'Master Sheet'!$B:$AA,8,FALSE),"") -> 863.955
D98: CAMNIACCPLII67 | G98: =IFERROR(VLOOKUP($D98,'Master Sheet'!$B:$AA,3,FALSE),"") -> 67MM FILTER C-PL II | I98: =IFERROR(VLOOKUP($D98,'Master Sheet'!$B:$AA,2,FALSE),"") -> FTA13201 | J98: =IFERROR(VLOOKUP($D98,'Master Sheet'!$B:$AA,5,FALSE),"") -> 018208022557 | K98: =IFERROR(VLOOKUP($D98,'Master Sheet'!$B:$AA,8,FALSE),"") -> 2798.955
G99: =IFERROR(VLOOKUP($D99,'Master Sheet'!$B:$AA,3,FALSE),"") | I99: =IFERROR(VLOOKUP($D99,'Master Sheet'!$B:$AA,2,FALSE),"") | J99: =IFERROR(VLOOKUP($D99,'Master Sheet'!$B:$AA,5,FALSE),"") | K99: =IFERROR(VLOOKUP($D99,'Master Sheet'!$B:$AA,8,FALSE),"")
D100: Z 14-24mm f2.8 S Lens | G100: =IFERROR(VLOOKUP($D100,'Master Sheet'!$B:$AA,3,FALSE),"") | I100: HB-96 LENS HOOD | J100: =IFERROR(VLOOKUP($D100,'Master Sheet'!$B:$AA,5,FALSE),"") | K100: =IFERROR(VLOOKUP($D100,'Master Sheet'!$B:$AA,8,FALSE),"")
D101: LENNIZ14-24F2.8 | G101: =IFERROR(VLOOKUP($D101,'Master Sheet'!$B:$AA,3,FALSE),"") -> Nikon NIKKOR Z 14-24mm f/2.8 S Lens | I101: =IFERROR(VLOOKUP($D101,'Master Sheet'!$B:$AA,2,FALSE),"") -> JMA711DA | J101: =IFERROR(VLOOKUP($D101,'Master Sheet'!$B:$AA,5,FALSE),"") -> 018208200979 | K101: =IFERROR(VLOOKUP($D101,'Master Sheet'!$B:$AA,8,FALSE),"") -> 39131.955
D102: CAMNIACILCLFN1 | G102: =IFERROR(VLOOKUP($D102,'Master Sheet'!$B:$AA,3,FALSE),"") -> LF-N1 Rear Lens Cap (Z-Series) | I102: =IFERROR(VLOOKUP($D102,'Master Sheet'!$B:$AA,2,FALSE),"") -> JMD00101 | J102: =IFERROR(VLOOKUP($D102,'Master Sheet'!$B:$AA,5,FALSE),"") -> 018208041824 | K102: =IFERROR(VLOOKUP($D102,'Master Sheet'!$B:$AA,8,FALSE),"") -> 107.955
D103: CAMNIACNC112 | G103: =IFERROR(VLOOKUP($D103,'Master Sheet'!$B:$AA,3,FALSE),"") -> 112MM NC FILTER | I103: =IFERROR(VLOOKUP($D103,'Master Sheet'!$B:$AA,2,FALSE),"") -> FTA71101 | J103: =IFERROR(VLOOKUP($D103,'Master Sheet'!$B:$AA,5,FALSE),"") -> 018208042517 | K103: =IFERROR(VLOOKUP($D103,'Master Sheet'!$B:$AA,8,FALSE),"") -> 8378.955
D104: CAMNIACCPLII112 | G104: =IFERROR(VLOOKUP($D104,'Master Sheet'!$B:$AA,3,FALSE),"") -> 112MM CPL 2 FILTER | I104: =IFERROR(VLOOKUP($D104,'Master Sheet'!$B:$AA,2,FALSE),"") -> FTA71201 | J104: =IFERROR(VLOOKUP($D104,'Master Sheet'!$B:$AA,5,FALSE),"") -> No Barcode | K104: =IFERROR(VLOOKUP($D104,'Master Sheet'!$B:$AA,8,FALSE),"") -> 12248.955
G105: =IFERROR(VLOOKUP($D105,'Master Sheet'!$B:$AA,3,FALSE),"") | I105: =IFERROR(VLOOKUP($D105,'Master Sheet'!$B:$AA,2,FALSE),"") | J105: =IFERROR(VLOOKUP($D105,'Master Sheet'!$B:$AA,5,FALSE),"") | K105: =IFERROR(VLOOKUP($D105,'Master Sheet'!$B:$AA,8,FALSE),"")
D106: Z 14-30mm f/4 S Lens | G106: =IFERROR(VLOOKUP($D106,'Master Sheet'!$B:$AA,3,FALSE),"") | I106: HB-86 LENS HOOD | J106: =IFERROR(VLOOKUP($D106,'Master Sheet'!$B:$AA,5,FALSE),"") | K106: =IFERROR(VLOOKUP($D106,'Master Sheet'!$B:$AA,8,FALSE),"")
D107: LENNIZ14-30F4 | G107: =IFERROR(VLOOKUP($D107,'Master Sheet'!$B:$AA,3,FALSE),"") -> Nikon NIKKOR Z 14-30mm f/4 S Lens | I107: =IFERROR(VLOOKUP($D107,'Master Sheet'!$B:$AA,2,FALSE),"") -> JMA705DA | J107: =IFERROR(VLOOKUP($D107,'Master Sheet'!$B:$AA,5,FALSE),"") -> 018208200702 | K107: =IFERROR(VLOOKUP($D107,'Master Sheet'!$B:$AA,8,FALSE),"") -> 23480.955
D108: CAMNIACILCLC82B | G108: =IFERROR(VLOOKUP($D108,'Master Sheet'!$B:$AA,3,FALSE),"") -> 82mm Z-Series Lens Cap | I108: =IFERROR(VLOOKUP($D108,'Master Sheet'!$B:$AA,2,FALSE),"") -> JMD00401 | J108: =IFERROR(VLOOKUP($D108,'Master Sheet'!$B:$AA,5,FALSE),"") -> 4960759149916 | K108: =IFERROR(VLOOKUP($D108,'Master Sheet'!$B:$AA,8,FALSE),"") -> 278.955
D109: CAMNIACILCLFN1 | G109: =IFERROR(VLOOKUP($D109,'Master Sheet'!$B:$AA,3,FALSE),"") -> LF-N1 Rear Lens Cap (Z-Series) | I109: =IFERROR(VLOOKUP($D109,'Master Sheet'!$B:$AA,2,FALSE),"") -> JMD00101 | J109: =IFERROR(VLOOKUP($D109,'Master Sheet'!$B:$AA,5,FALSE),"") -> 018208041824 | K109: =IFERROR(VLOOKUP($D109,'Master Sheet'!$B:$AA,8,FALSE),"") -> 107.955
D110: CAMNIACNC82 | G110: =IFERROR(VLOOKUP($D110,'Master Sheet'!$B:$AA,3,FALSE),"") -> 82MM FILTER NC NEUTRAL COLOUR | I110: =IFERROR(VLOOKUP($D110,'Master Sheet'!$B:$AA,2,FALSE),"") -> FTA70401 | J110: =IFERROR(VLOOKUP($D110,'Master Sheet'!$B:$AA,5,FALSE),"") -> 018208024971 | K110: =IFERROR(VLOOKUP($D110,'Master Sheet'!$B:$AA,8,FALSE),"") -> 1826.955
D111: CAMNIACCPLII82 | G111: =IFERROR(VLOOKUP($D111,'Master Sheet'!$B:$AA,3,FALSE),"") -> 82MM FILTER C-PL II | I111: =IFERROR(VLOOKUP($D111,'Master Sheet'!$B:$AA,2,FALSE),"") -> FTA70501 | J111: =IFERROR(VLOOKUP($D111,'Master Sheet'!$B:$AA,5,FALSE),"") -> 018208024988 | K111: =IFERROR(VLOOKUP($D111,'Master Sheet'!$B:$AA,8,FALSE),"") -> 3680.955
G112: =IFERROR(VLOOKUP($D112,'Master Sheet'!$B:$AA,3,FALSE),"") | I112: =IFERROR(VLOOKUP($D112,'Master Sheet'!$B:$AA,2,FALSE),"") | J112: =IFERROR(VLOOKUP($D112,'Master Sheet'!$B:$AA,5,FALSE),"") | K112: =IFERROR(VLOOKUP($D112,'Master Sheet'!$B:$AA,8,FALSE),"")
D113: Z 16-50mm f3.5-6.3 VR DX Lens | G113: =IFERROR(VLOOKUP($D113,'Master Sheet'!$B:$AA,3,FALSE),"") | I113: HN-40 LENS HOOD | J113: =IFERROR(VLOOKUP($D113,'Master Sheet'!$B:$AA,5,FALSE),"") | K113: =IFERROR(VLOOKUP($D113,'Master Sheet'!$B:$AA,8,FALSE),"")
D114: LENNIZ16-50 | G114: =IFERROR(VLOOKUP($D114,'Master Sheet'!$B:$AA,3,FALSE),"") -> Nikon NIKKOR Z 16-50MM f3.5-6.3 VR DX Lens | I114: =IFERROR(VLOOKUP($D114,'Master Sheet'!$B:$AA,2,FALSE),"") -> JMA706DA | J114: =IFERROR(VLOOKUP($D114,'Master Sheet'!$B:$AA,5,FALSE),"") -> 018208200849 | K114: =IFERROR(VLOOKUP($D114,'Master Sheet'!$B:$AA,8,FALSE),"") -> 3545.955
D115: LENNIZ16-50SL | G115: =IFERROR(VLOOKUP($D115,'Master Sheet'!$B:$AA,3,FALSE),"") -> Nikon NIKKOR Z 16-50MM f3.5-6.3 VR DX Lens (Silver) | I115: =IFERROR(VLOOKUP($D115,'Master Sheet'!$B:$AA,2,FALSE),"") -> JMA715DA | J115: =IFERROR(VLOOKUP($D115,'Master Sheet'!$B:$AA,5,FALSE),"") -> 018208201099 | K115: =IFERROR(VLOOKUP($D115,'Master Sheet'!$B:$AA,8,FALSE),"") -> 3545.955
D116: CAMNIACILCLC46B | G116: =IFERROR(VLOOKUP($D116,'Master Sheet'!$B:$AA,3,FALSE),"") -> 46mm Z-Series Lens Cap | I116: =IFERROR(VLOOKUP($D116,'Master Sheet'!$B:$AA,2,FALSE),"") -> JMD00501 | J116: =IFERROR(VLOOKUP($D116,'Master Sheet'!$B:$AA,5,FALSE),"") -> 018208042098 | K116: =IFERROR(VLOOKUP($D116,'Master Sheet'!$B:$AA,8,FALSE),"") -> 98.955
D117: CAMNIACILCLFN1 | G117: =IFERROR(VLOOKUP($D117,'Master Sheet'!$B:$AA,3,FALSE),"") -> LF-N1 Rear Lens Cap (Z-Series) | I117: =IFERROR(VLOOKUP($D117,'Master Sheet'!$B:$AA,2,FALSE),"") -> JMD00101 | J117: =IFERROR(VLOOKUP($D117,'Master Sheet'!$B:$AA,5,FALSE),"") -> 018208041824 | K117: =IFERROR(VLOOKUP($D117,'Master Sheet'!$B:$AA,8,FALSE),"") -> 107.955
D118: CAMNIACNC46 | G118: =IFERROR(VLOOKUP($D118,'Master Sheet'!$B:$AA,3,FALSE),"") -> 46MM FILTER NC NEUTRAL COLOUR | I118: =IFERROR(VLOOKUP($D118,'Master Sheet'!$B:$AA,2,FALSE),"") -> FTA71001 | J118: =IFERROR(VLOOKUP($D118,'Master Sheet'!$B:$AA,5,FALSE),"") -> 018208024940 | K118: =IFERROR(VLOOKUP($D118,'Master Sheet'!$B:$AA,8,FALSE),"") -> 377.955
G119: =IFERROR(VLOOKUP($D119,'Master Sheet'!$B:$AA,3,FALSE),"") | I119: =IFERROR(VLOOKUP($D119,'Master Sheet'!$B:$AA,2,FALSE),"") | J119: =IFERROR(VLOOKUP($D119,'Master Sheet'!$B:$AA,5,FALSE),"") | K119: =IFERROR(VLOOKUP($D119,'Master Sheet'!$B:$AA,8,FALSE),"")
D120: Z NIKKOR 17-28mm F2.8 Lens | G120: =IFERROR(VLOOKUP($D120,'Master Sheet'!$B:$AA,3,FALSE),"") | I120: HB-107 LENS HOOD | K120: =IFERROR(VLOOKUP($D120,'Master Sheet'!$B:$AA,8,FALSE),"")
...

Sheet Z Lenses - Standard
G16: Standard - Fixed
C18: Order Code | G18: Details | I18: Product Code | J18: Barcode | K18: Dealer (Export)
D20: Z 50MM F1.2 Z S LENS | I20: HB-94 LENS HOOD
D21: LENNIZ50F1.2 | G21: =IFERROR(VLOOKUP($D21,'Master Sheet'!$B:$AA,3,FALSE),"") -> Nikon NIKKOR Z 50MM F1.2 Z S LENS | I21: =IFERROR(VLOOKUP($D21,'Master Sheet'!$B:$AA,2,FALSE),"") -> JMA003DA | J21: =IFERROR(VLOOKUP($D21,'Master Sheet'!$B:$AA,5,FALSE),"") -> 018208200955 | K21: =IFERROR(VLOOKUP($D21,'Master Sheet'!$B:$AA,8,FALSE),"") -> 35216.955
D22: CAMNIACILCLC82B | G22: =IFERROR(VLOOKUP($D22,'Master Sheet'!$B:$AA,3,FALSE),"") -> 82mm Z-Series Lens Cap | I22: =IFERROR(VLOOKUP($D22,'Master Sheet'!$B:$AA,2,FALSE),"") -> JMD00401 | J22: =IFERROR(VLOOKUP($D22,'Master Sheet'!$B:$AA,5,FALSE),"") -> 4960759149916 | K22: =IFERROR(VLOOKUP($D22,'Master Sheet'!$B:$AA,8,FALSE),"") -> 278.955
D23: CAMNIACILCLFN1 | G23: =IFERROR(VLOOKUP($D23,'Master Sheet'!$B:$AA,3,FALSE),"") -> LF-N1 Rear Lens Cap (Z-Series) | I23: =IFERROR(VLOOKUP($D23,'Master Sheet'!$B:$AA,2,FALSE),"") -> JMD00101 | J23: =IFERROR(VLOOKUP($D23,'Master Sheet'!$B:$AA,5,FALSE),"") -> 018208041824 | K23: =IFERROR(VLOOKUP($D23,'Master Sheet'!$B:$AA,8,FALSE),"") -> 107.955
D24: CAMNIACNC82 | G24: =IFERROR(VLOOKUP($D24,'Master Sheet'!$B:$AA,3,FALSE),"") -> 82MM FILTER NC NEUTRAL COLOUR | I24: =IFERROR(VLOOKUP($D24,'Master Sheet'!$B:$AA,2,FALSE),"") -> FTA70401 | J24: =IFERROR(VLOOKUP($D24,'Master Sheet'!$B:$AA,5,FALSE),"") -> 018208024971 | K24: =IFERROR(VLOOKUP($D24,'Master Sheet'!$B:$AA,8,FALSE),"") -> 1826.955
D25: CAMNIACCPLII82 | G25: =IFERROR(VLOOKUP($D25,'Master Sheet'!$B:$AA,3,FALSE),"") -> 82MM FILTER C-PL II | I25: =IFERROR(VLOOKUP($D25,'Master Sheet'!$B:$AA,2,FALSE),"") -> FTA70501 | J25: =IFERROR(VLOOKUP($D25,'Master Sheet'!$B:$AA,5,FALSE),"") -> 018208024988 | K25: =IFERROR(VLOOKUP($D25,'Master Sheet'!$B:$AA,8,FALSE),"") -> 3680.955
G26: =IFERROR(VLOOKUP($D26,'Master Sheet'!$B:$AA,3,FALSE),"") | I26: =IFERROR(VLOOKUP($D26,'Master Sheet'!$B:$AA,2,FALSE),"") | J26: =IFERROR(VLOOKUP($D26,'Master Sheet'!$B:$AA,5,FALSE),"") | K26: =IFERROR(VLOOKUP($D26,'Master Sheet'!$B:$AA,8,FALSE),"")
D27: Z 50MM F1.4 Z S LENS | I27: HB-115 LENS HOOD
D28: LENNIZ50F1.4 | G28: =IFERROR(VLOOKUP($D28,'Master Sheet'!$B:$AA,3,FALSE),"") -> Nikon NIKKOR Z 50MM F1.4 Z LENS | I28: =IFERROR(VLOOKUP($D28,'Master Sheet'!$B:$AA,2,FALSE),"") -> JMA004DA | J28: =IFERROR(VLOOKUP($D28,'Master Sheet'!$B:$AA,5,FALSE),"") -> 018208201280 | K28: =IFERROR(VLOOKUP($D28,'Master Sheet'!$B:$AA,8,FALSE),"") -> 8612.955
D29: CAMNIACILCLC62B | G29: =IFERROR(VLOOKUP($D29,'Master Sheet'!$B:$AA,3,FALSE),"") -> 62mm Z-Series Lens Cap | I29: =IFERROR(VLOOKUP($D29,'Master Sheet'!$B:$AA,2,FALSE),"") -> JMD00201 | J29: =IFERROR(VLOOKUP($D29,'Master Sheet'!$B:$AA,5,FALSE),"") -> 4960759149893 | K29: =IFERROR(VLOOKUP($D29,'Master Sheet'!$B:$AA,8,FALSE),"") -> 170.955
D30: CAMNIACILCLFN1 | G30: =IFERROR(VLOOKUP($D30,'Master Sheet'!$B:$AA,3,FALSE),"") -> LF-N1 Rear Lens Cap (Z-Series) | I30: =IFERROR(VLOOKUP($D30,'Master Sheet'!$B:$AA,2,FALSE),"") -> JMD00101 | J30: =IFERROR(VLOOKUP($D30,'Master Sheet'!$B:$AA,5,FALSE),"") -> 018208041824 | K30: =IFERROR(VLOOKUP($D30,'Master Sheet'!$B:$AA,8,FALSE),"") -> 107.955
D31: CAMNIACNC62 | G31: =IFERROR(VLOOKUP($D31,'Master Sheet'!$B:$AA,3,FALSE),"") -> 62MM FILTER NC NEUTRAL COLOUR | I31: =IFERROR(VLOOKUP($D31,'Master Sheet'!$B:$AA,2,FALSE),"") -> FTA11401 | J31: =IFERROR(VLOOKUP($D31,'Master Sheet'!$B:$AA,5,FALSE),"") -> 018208024803 | K31: =IFERROR(VLOOKUP($D31,'Master Sheet'!$B:$AA,8,FALSE),"") -> 710.955
D32: CAMNIACCPLII62 | G32: =IFERROR(VLOOKUP($D32,'Master Sheet'!$B:$AA,3,FALSE),"") -> 62MM C-PL II FILTER | I32: =IFERROR(VLOOKUP($D32,'Master Sheet'!$B:$AA,2,FALSE),"") -> FTA11501 | J32: =IFERROR(VLOOKUP($D32,'Master Sheet'!$B:$AA,5,FALSE),"") -> 018208022526 | K32: =IFERROR(VLOOKUP($D32,'Master Sheet'!$B:$AA,8,FALSE),"") -> 2447.955
G33: =IFERROR(VLOOKUP($D33,'Master Sheet'!$B:$AA,3,FALSE),"") | I33: =IFERROR(VLOOKUP($D33,'Master Sheet'!$B:$AA,2,FALSE),"") | J33: =IFERROR(VLOOKUP($D33,'Master Sheet'!$B:$AA,5,FALSE),"") | K33: =IFERROR(VLOOKUP($D33,'Master Sheet'!$B:$AA,8,FALSE),"")
D34: Z 50MM F1.8 Z S LENS | G34: =IFERROR(VLOOKUP($D34,'Master Sheet'!$B:$AA,3,FALSE),"") | I34: HB-90 LENS HOOD | J34: =IFERROR(VLOOKUP($D34,'Master Sheet'!$B:$AA,5,FALSE),"") | K34: =IFERROR(VLOOKUP($D34,'Master Sheet'!$B:$AA,8,FALSE),"")
D35: LENNIZ50F1.8 | G35: =IFERROR(VLOOKUP($D35,'Master Sheet'!$B:$AA,3,FALSE),"") -> Nikon NIKKOR Z 50MM F1.8 Z S LENS | I35: =IFERROR(VLOOKUP($D35,'Master Sheet'!$B:$AA,2,FALSE),"") -> JMA001DA | J35: =IFERROR(VLOOKUP($D35,'Master Sheet'!$B:$AA,5,FALSE),"") -> 018208200832 | K35: =IFERROR(VLOOKUP($D35,'Master Sheet'!$B:$AA,8,FALSE),"") -> 10723.455
D36: CAMNIACILCLC62B | G36: =IFERROR(VLOOKUP($D36,'Master Sheet'!$B:$AA,3,FALSE),"") -> 62mm Z-Series Lens Cap | I36: =IFERROR(VLOOKUP($D36,'Master Sheet'!$B:$AA,2,FALSE),"") -> JMD00201 | J36: =IFERROR(VLOOKUP($D36,'Master Sheet'!$B:$AA,5,FALSE),"") -> 4960759149893 | K36: =IFERROR(VLOOKUP($D36,'Master Sheet'!$B:$AA,8,FALSE),"") -> 170.955
D37: CAMNIACILCLFN1 | G37: =IFERROR(VLOOKUP($D37,'Master Sheet'!$B:$AA,3,FALSE),"") -> LF-N1 Rear Lens Cap (Z-Series) | I37: =IFERROR(VLOOKUP($D37,'Master Sheet'!$B:$AA,2,FALSE),"") -> JMD00101 | J37: =IFERROR(VLOOKUP($D37,'Master Sheet'!$B:$AA,5,FALSE),"") -> 018208041824 | K37: =IFERROR(VLOOKUP($D37,'Master Sheet'!$B:$AA,8,FALSE),"") -> 107.955
D38: CAMNIACNC62 | G38: =IFERROR(VLOOKUP($D38,'Master Sheet'!$B:$AA,3,FALSE),"") -> 62MM FILTER NC NEUTRAL COLOUR | I38: =IFERROR(VLOOKUP($D38,'Master Sheet'!$B:$AA,2,FALSE),"") -> FTA11401 | J38: =IFERROR(VLOOKUP($D38,'Master Sheet'!$B:$AA,5,FALSE),"") -> 018208024803 | K38: =IFERROR(VLOOKUP($D38,'Master Sheet'!$B:$AA,8,FALSE),"") -> 710.955
D39: CAMNIACCPLII62 | G39: =IFERROR(VLOOKUP($D39,'Master Sheet'!$B:$AA,3,FALSE),"") -> 62MM C-PL II FILTER | I39: =IFERROR(VLOOKUP($D39,'Master Sheet'!$B:$AA,2,FALSE),"") -> FTA11501 | J39: =IFERROR(VLOOKUP($D39,'Master Sheet'!$B:$AA,5,FALSE),"") -> 018208022526 | K39: =IFERROR(VLOOKUP($D39,'Master Sheet'!$B:$AA,8,FALSE),"") -> 2447.955
G40: =IFERROR(VLOOKUP($D40,'Master Sheet'!$B:$AA,3,FALSE),"") | I40: =IFERROR(VLOOKUP($D40,'Master Sheet'!$B:$AA,2,FALSE),"") | J40: =IFERROR(VLOOKUP($D40,'Master Sheet'!$B:$AA,5,FALSE),"") | K40: =IFERROR(VLOOKUP($D40,'Master Sheet'!$B:$AA,8,FALSE),"")
D41: Z MC 50mm f/2.8 Macro Lens | G41: =IFERROR(VLOOKUP($D41,'Master Sheet'!$B:$AA,3,FALSE),"") | I41: HN-41 LENS HOOD | J41: =IFERROR(VLOOKUP($D41,'Master Sheet'!$B:$AA,5,FALSE),"") | K41: =IFERROR(VLOOKUP($D41,'Master Sheet'!$B:$AA,8,FALSE),"")
D42: LENNIZ50F2.8 | G42: =IFERROR(VLOOKUP($D42,'Master Sheet'!$B:$AA,3,FALSE),"") -> Nikon NIKKOR Z MC 50mm f/2.8 Macro Lens | I42: =IFERROR(VLOOKUP($D42,'Master Sheet'!$B:$AA,2,FALSE),"") -> JMA603DA | J42: =IFERROR(VLOOKUP($D42,'Master Sheet'!$B:$AA,5,FALSE),"") -> 018208201037 | K42: =IFERROR(VLOOKUP($D42,'Master Sheet'!$B:$AA,8,FALSE),"") -> 12131.955
D43: CAMNIACILCLC46B | G43: =IFERROR(VLOOKUP($D43,'Master Sheet'!$B:$AA,3,FALSE),"") -> 46mm Z-Series Lens Cap | I43: =IFERROR(VLOOKUP($D43,'Master Sheet'!$B:$AA,2,FALSE),"") -> JMD00501 | J43: =IFERROR(VLOOKUP($D43,'Master Sheet'!$B:$AA,5,FALSE),"") -> 018208042098 | K43: =IFERROR(VLOOKUP($D43,'Master Sheet'!$B:$AA,8,FALSE),"") -> 98.955
D44: CAMNIACNC46 | G44: =IFERROR(VLOOKUP($D44,'Master Sheet'!$B:$AA,3,FALSE),"") -> 46MM FILTER NC NEUTRAL COLOUR | I44: =IFERROR(VLOOKUP($D44,'Master Sheet'!$B:$AA,2,FALSE),"") -> FTA71001 | J44: =IFERROR(VLOOKUP($D44,'Master Sheet'!$B:$AA,5,FALSE),"") -> 018208024940 | K44: =IFERROR(VLOOKUP($D44,'Master Sheet'!$B:$AA,8,FALSE),"") -> 377.955
D45: CAMNIACILCLFN1 | G45: =IFERROR(VLOOKUP($D45,'Master Sheet'!$B:$AA,3,FALSE),"") -> LF-N1 Rear Lens Cap (Z-Series) | I45: =IFERROR(VLOOKUP($D45,'Master Sheet'!$B:$AA,2,FALSE),"") -> JMD00101 | J45: =IFERROR(VLOOKUP($D45,'Master Sheet'!$B:$AA,5,FALSE),"") -> 018208041824 | K45: =IFERROR(VLOOKUP($D45,'Master Sheet'!$B:$AA,8,FALSE),"") -> 107.955
G46: =IFERROR(VLOOKUP($D46,'Master Sheet'!$B:$AA,3,FALSE),"") | I46: =IFERROR(VLOOKUP($D46,'Master Sheet'!$B:$AA,2,FALSE),"") | J46: =IFERROR(VLOOKUP($D46,'Master Sheet'!$B:$AA,5,FALSE),"") | K46: =IFERROR(VLOOKUP($D46,'Master Sheet'!$B:$AA,8,FALSE),"")
D47: Z 58mm f/0.95 S Noct Lens | G47: =IFERROR(VLOOKUP($D47,'Master Sheet'!$B:$AA,3,FALSE),"") | I47: HN-38 LENS HOOD | J47: =IFERROR(VLOOKUP($D47,'Master Sheet'!$B:$AA,5,FALSE),"") | K47: =IFERROR(VLOOKUP($D47,'Master Sheet'!$B:$AA,8,FALSE),"")
D48: LENNIZ58F0.95 | G48: =IFERROR(VLOOKUP($D48,'Master Sheet'!$B:$AA,3,FALSE),"") -> Nikon NIKKOR Z 58mm f/0.95 S Noct Lens | I48: =IFERROR(VLOOKUP($D48,'Master Sheet'!$B:$AA,2,FALSE),"") -> JMA002DA | J48: =IFERROR(VLOOKUP($D48,'Master Sheet'!$B:$AA,5,FALSE),"") -> 018208200863 | K48: =IFERROR(VLOOKUP($D48,'Master Sheet'!$B:$AA,8,FALSE),"") -> 156527.96
D49: CAMNIACILCLC82B | G49: =IFERROR(VLOOKUP($D49,'Master Sheet'!$B:$AA,3,FALSE),"") -> 82mm Z-Series Lens Cap | I49: =IFERROR(VLOOKUP($D49,'Master Sheet'!$B:$AA,2,FALSE),"") -> JMD00401 | J49: =IFERROR(VLOOKUP($D49,'Master Sheet'!$B:$AA,5,FALSE),"") -> 4960759149916 | K49: =IFERROR(VLOOKUP($D49,'Master Sheet'!$B:$AA,8,FALSE),"") -> 278.955
D50: CAMNIACILCLFN1 | G50: =IFERROR(VLOOKUP($D50,'Master Sheet'!$B:$AA,3,FALSE),"") -> LF-N1 Rear Lens Cap (Z-Series) | I50: =IFERROR(VLOOKUP($D50,'Master Sheet'!$B:$AA,2,FALSE),"") -> JMD00101 | J50: =IFERROR(VLOOKUP($D50,'Master Sheet'!$B:$AA,5,FALSE),"") -> 018208041824 | K50: =IFERROR(VLOOKUP($D50,'Master Sheet'!$B:$AA,8,FALSE),"") -> 107.955
D51: CAMNIACNC82 | G51: =IFERROR(VLOOKUP($D51,'Master Sheet'!$B:$AA,3,FALSE),"") -> 82MM FILTER NC NEUTRAL COLOUR | I51: =IFERROR(VLOOKUP($D51,'Master Sheet'!$B:$AA,2,FALSE),"") -> FTA70401 | J51: =IFERROR(VLOOKUP($D51,'Master Sheet'!$B:$AA,5,FALSE),"") -> 018208024971 | K51: =IFERROR(VLOOKUP($D51,'Master Sheet'!$B:$AA,8,FALSE),"") -> 1826.955
D52: CAMNIACCPLII82 | G52: =IFERROR(VLOOKUP($D52,'Master Sheet'!$B:$AA,3,FALSE),"") -> 82MM FILTER C-PL II | I52: =IFERROR(VLOOKUP($D52,'Master Sheet'!$B:$AA,2,FALSE),"") -> FTA70501 | J52: =IFERROR(VLOOKUP($D52,'Master Sheet'!$B:$AA,5,FALSE),"") -> 018208024988 | K52: =IFERROR(VLOOKUP($D52,'Master Sheet'!$B:$AA,8,FALSE),"") -> 3680.955
G53: =IFERROR(VLOOKUP($D53,'Master Sheet'!$B:$AA,3,FALSE),"") | I53: =IFERROR(VLOOKUP($D53,'Master Sheet'!$B:$AA,2,FALSE),"") | J53: =IFERROR(VLOOKUP($D53,'Master Sheet'!$B:$AA,5,FALSE),"") | K53: =IFERROR(VLOOKUP($D53,'Master Sheet'!$B:$AA,8,FALSE),"")
D54: Z 85mm f/1.2 S Lens | G54: =IFERROR(VLOOKUP($D54,'Master Sheet'!$B:$AA,3,FALSE),"") | I54: HB-106 LENS HOOD | K54: =IFERROR(VLOOKUP($D54,'Master Sheet'!$B:$AA,8,FALSE),"")
D55: LENNIZ85F1.2 | G55: =IFERROR(VLOOKUP($D55,'Master Sheet'!$B:$AA,3,FALSE),"") -> Nikon NIKKOR Z 85mm f/1.2 S Lens | I55: =IFERROR(VLOOKUP($D55,'Master Sheet'!$B:$AA,2,FALSE),"") -> JMA302DA | J55: =IFERROR(VLOOKUP($D55,'Master Sheet'!$B:$AA,5,FALSE),"") -> 018208201143 | K55: =IFERROR(VLOOKUP($D55,'Master Sheet'!$B:$AA,8,FALSE),"") -> 49310.955
D56: CAMNIACILCLC82B | G56: =IFERROR(VLOOKUP($D56,'Master Sheet'!$B:$AA,3,FALSE),"") -> 82mm Z-Series Lens Cap | I56: =IFERROR(VLOOKUP($D56,'Master Sheet'!$B:$AA,2,FALSE),"") -> JMD00401 | J56: =IFERROR(VLOOKUP($D56,'Master Sheet'!$B:$AA,5,FALSE),"") -> 4960759149916 | K56: =IFERROR(VLOOKUP($D56,'Master Sheet'!$B:$AA,8,FALSE),"") -> 278.955
D57: CAMNIACILCLFN1 | G57: =IFERROR(VLOOKUP($D57,'Master Sheet'!$B:$AA,3,FALSE),"") -> LF-N1 Rear Lens Cap (Z-Series) | I57: =IFERROR(VLOOKUP($D57,'Master Sheet'!$B:$AA,2,FALSE),"") -> JMD00101 | J57: =IFERROR(VLOOKUP($D57,'Master Sheet'!$B:$AA,5,FALSE),"") -> 018208041824 | K57: =IFERROR(VLOOKUP($D57,'Master Sheet'!$B:$AA,8,FALSE),"") -> 107.955
D58: CAMNIACNC82 | G58: =IFERROR(VLOOKUP($D58,'Master Sheet'!$B:$AA,3,FALSE),"") -> 82MM FILTER NC NEUTRAL COLOUR | I58: =IFERROR(VLOOKUP($D58,'Master Sheet'!$B:$AA,2,FALSE),"") -> FTA70401 | J58: =IFERROR(VLOOKUP($D58,'Master Sheet'!$B:$AA,5,FALSE),"") -> 018208024971 | K58: =IFERROR(VLOOKUP($D58,'Master Sheet'!$B:$AA,8,FALSE),"") -> 1826.955
D59: CAMNIACCPLII82 | G59: =IFERROR(VLOOKUP($D59,'Master Sheet'!$B:$AA,3,FALSE),"") -> 82MM FILTER C-PL II | I59: =IFERROR(VLOOKUP($D59,'Master Sheet'!$B:$AA,2,FALSE),"") -> FTA70501 | J59: =IFERROR(VLOOKUP($D59,'Master Sheet'!$B:$AA,5,FALSE),"") -> 018208024988 | K59: =IFERROR(VLOOKUP($D59,'Master Sheet'!$B:$AA,8,FALSE),"") -> 3680.955
G60: =IFERROR(VLOOKUP($D60,'Master Sheet'!$B:$AA,3,FALSE),"") | I60: =IFERROR(VLOOKUP($D60,'Master Sheet'!$B:$AA,2,FALSE),"") | J60: =IFERROR(VLOOKUP($D60,'Master Sheet'!$B:$AA,5,FALSE),"") | K60: =IFERROR(VLOOKUP($D60,'Master Sheet'!$B:$AA,8,FALSE),"")
D61: Z 85mm f/1.8 S Lens | G61: =IFERROR(VLOOKUP($D61,'Master Sheet'!$B:$AA,3,FALSE),"") | I61: HB-91 LENS HOOD | J61: =IFERROR(VLOOKUP($D61,'Master Sheet'!$B:$AA,5,FALSE),"") | K61: =IFERROR(VLOOKUP($D61,'Master Sheet'!$B:$AA,8,FALSE),"")
D62: LENNIZ85F1.8 | G62: =IFERROR(VLOOKUP($D62,'Master Sheet'!$B:$AA,3,FALSE),"") -> Nikon NIKKOR Z 85mm f/1.8 S Lens | I62: =IFERROR(VLOOKUP($D62,'Master Sheet'!$B:$AA,2,FALSE),"") -> JMA301DA | J62: =IFERROR(VLOOKUP($D62,'Master Sheet'!$B:$AA,5,FALSE),"") -> 018208200900 | K62: =IFERROR(VLOOKUP($D62,'Master Sheet'!$B:$AA,8,FALSE),"") -> 14867.955
D63: CAMNIACILCLC67B | G63: =IFERROR(VLOOKUP($D63,'Master Sheet'!$B:$AA,3,FALSE),"") -> 67mm Z-Series Lens Cap | I63: =IFERROR(VLOOKUP($D63,'Master Sheet'!$B:$AA,2,FALSE),"") -> JMD00701 | J63: =IFERROR(VLOOKUP($D63,'Master Sheet'!$B:$AA,5,FALSE),"") -> 018208042302 | K63: =IFERROR(VLOOKUP($D63,'Master Sheet'!$B:$AA,8,FALSE),"") -> 161.955
D64: CAMNIACILCLFN1 | G64: =IFERROR(VLOOKUP($D64,'Master Sheet'!$B:$AA,3,FALSE),"") -> LF-N1 Rear Lens Cap (Z-Series) | I64: =IFERROR(VLOOKUP($D64,'Master Sheet'!$B:$AA,2,FALSE),"") -> JMD00101 | J64: =IFERROR(VLOOKUP($D64,'Master Sheet'!$B:$AA,5,FALSE),"") -> 018208041824 | K64: =IFERROR(VLOOKUP($D64,'Master Sheet'!$B:$AA,8,FALSE),"") -> 107.955
D65: CAMNIACNC67 | G65: =IFERROR(VLOOKUP($D65,'Master Sheet'!$B:$AA,3,FALSE),"") -> 67MM FILTER NC NEUTRAL COLOUR | I65: =IFERROR(VLOOKUP($D65,'Master Sheet'!$B:$AA,2,FALSE),"") -> FTA13101 | J65: =IFERROR(VLOOKUP($D65,'Master Sheet'!$B:$AA,5,FALSE),"") -> 018208022885 | K65: =IFERROR(VLOOKUP($D65,'Master Sheet'!$B:$AA,8,FALSE),"") -> 863.955
D66: CAMNIACCPLII67 | G66: =IFERROR(VLOOKUP($D66,'Master Sheet'!$B:$AA,3,FALSE),"") -> 67MM FILTER C-PL II | I66: =IFERROR(VLOOKUP($D66,'Master Sheet'!$B:$AA,2,FALSE),"") -> FTA13201 | J66: =IFERROR(VLOOKUP($D66,'Master Sheet'!$B:$AA,5,FALSE),"") -> 018208022557 | K66: =IFERROR(VLOOKUP($D66,'Master Sheet'!$B:$AA,8,FALSE),"") -> 2798.955
G68: =IFERROR(VLOOKUP($D68,'Master Sheet'!$B:$AA,3,FALSE),"") | I68: =IFERROR(VLOOKUP($D68,'Master Sheet'!$B:$AA,2,FALSE),"") | J68: =IFERROR(VLOOKUP($D68,'Master Sheet'!$B:$AA,5,FALSE),"") | K68: =IFERROR(VLOOKUP($D68,'Master Sheet'!$B:$AA,8,FALSE),"")
G69: Standard - Zoom
C71: Order Code | G71: Details | I71: Product Code | J71: Barcode | K71: Dealer (Export)
D73: Z 18-140mm F3.5-6.3 VR DX Lens | I73: HB-101 LENS HOOD
D74: LENNIZ18-140 | G74: =IFERROR(VLOOKUP($D74,'Master Sheet'!$B:$AA,3,FALSE),"") -> Nikon NIKKOR Z 18-140MM F/3.5-6.3 VR DX Lens | I74: =IFERROR(VLOOKUP($D74,'Master Sheet'!$B:$AA,2,FALSE),"") -> JMA713DA | J74: =IFERROR(VLOOKUP($D74,'Master Sheet'!$B:$AA,5,FALSE),"") -> 018208201044 | K74: =IFERROR(VLOOKUP($D74,'Master Sheet'!$B:$AA,8,FALSE),"") -> 9944.955
D75: CAMNIACILCLC62B | G75: =IFERROR(VLOOKUP($D75,'Master Sheet'!$B:$AA,3,FALSE),"") -> 62mm Z-Series Lens Cap | I75: =IFERROR(VLOOKUP($D75,'Master Sheet'!$B:$AA,2,FALSE),"") -> JMD00201 | J75: =IFERROR(VLOOKUP($D75,'Master Sheet'!$B:$AA,5,FALSE),"") -> 4960759149893 | K75: =IFERROR(VLOOKUP($D75,'Master Sheet'!$B:$AA,8,FALSE),"") -> 170.955
D76: CAMNIACILCLFN1 | G76: =IFERROR(VLOOKUP($D76,'Master Sheet'!$B:$AA,3,FALSE),"") -> LF-N1 Rear Lens Cap (Z-Series) | I76: =IFERROR(VLOOKUP($D76,'Master Sheet'!$B:$AA,2,FALSE),"") -> JMD00101 | J76: =IFERROR(VLOOKUP($D76,'Master Sheet'!$B:$AA,5,FALSE),"") -> 018208041824 | K76: =IFERROR(VLOOKUP($D76,'Master Sheet'!$B:$AA,8,FALSE),"") -> 107.955
D77: CAMNIACNC62 | G77: =IFERROR(VLOOKUP($D77,'Master Sheet'!$B:$AA,3,FALSE),"") -> 62MM FILTER NC NEUTRAL COLOUR | I77: =IFERROR(VLOOKUP($D77,'Master Sheet'!$B:$AA,2,FALSE),"") -> FTA11401 | J77: =IFERROR(VLOOKUP($D77,'Master Sheet'!$B:$AA,5,FALSE),"") -> 018208024803 | K77: =IFERROR(VLOOKUP($D77,'Master Sheet'!$B:$AA,8,FALSE),"") -> 710.955
D78: CAMNIACCPLII62 | G78: =IFERROR(VLOOKUP($D78,'Master Sheet'!$B:$AA,3,FALSE),"") -> 62MM C-PL II FILTER | I78: =IFERROR(VLOOKUP($D78,'Master Sheet'!$B:$AA,2,FALSE),"") -> FTA11501 | J78: =IFERROR(VLOOKUP($D78,'Master Sheet'!$B:$AA,5,FALSE),"") -> 018208022526 | K78: =IFERROR(VLOOKUP($D78,'Master Sheet'!$B:$AA,8,FALSE),"") -> 2447.955
G79: =IFERROR(VLOOKUP($D79,'Master Sheet'!$B:$AA,3,FALSE),"") | I79: =IFERROR(VLOOKUP($D79,'Master Sheet'!$B:$AA,2,FALSE),"") | J79: =IFERROR(VLOOKUP($D79,'Master Sheet'!$B:$AA,5,FALSE),"") | K79: =IFERROR(VLOOKUP($D79,'Master Sheet'!$B:$AA,8,FALSE),"")
D80: Z 24-70mm f/2.8 S Lens | G80: =IFERROR(VLOOKUP($D80,'Master Sheet'!$B:$AA,3,FALSE),"") | I80: HB-87 LENS HOOD | J80: =IFERROR(VLOOKUP($D80,'Master Sheet'!$B:$AA,5,FALSE),"") | K80: =IFERROR(VLOOKUP($D80,'Master Sheet'!$B:$AA,8,FALSE),"")
D81: LENNIZ24-70F2.8 | G81: =IFERROR(VLOOKUP($D81,'Master Sheet'!$B:$AA,3,FALSE),"") -> Nikon NIKKOR Z 24-70mm f/2.8 S Lens | I81: =IFERROR(VLOOKUP($D81,'Master Sheet'!$B:$AA,2,FALSE),"") -> JMA708DA | J81: =IFERROR(VLOOKUP($D81,'Master Sheet'!$B:$AA,5,FALSE),"") -> 018208200894 | K81: =IFERROR(VLOOKUP($D81,'Master Sheet'!$B:$AA,8,FALSE),"") -> 40697.955
D82: CAMNIACILCLC82B | G82: =IFERROR(VLOOKUP($D82,'Master Sheet'!$B:$AA,3,FALSE),"") -> 82mm Z-Series Lens Cap | I82: =IFERROR(VLOOKUP($D82,'Master Sheet'!$B:$AA,2,FALSE),"") -> JMD00401 | J82: =IFERROR(VLOOKUP($D82,'Master Sheet'!$B:$AA,5,FALSE),"") -> 4960759149916 | K82: =IFERROR(VLOOKUP($D82,'Master Sheet'!$B:$AA,8,FALSE),"") -> 278.955
D83: CAMNIACILCLFN1 | G83: =IFERROR(VLOOKUP($D83,'Master Sheet'!$B:$AA,3,FALSE),"") -> LF-N1 Rear Lens Cap (Z-Series) | I83: =IFERROR(VLOOKUP($D83,'Master Sheet'!$B:$AA,2,FALSE),"") -> JMD00101 | J83: =IFERROR(VLOOKUP($D83,'Master Sheet'!$B:$AA,5,FALSE),"") -> 018208041824 | K83: =IFERROR(VLOOKUP($D83,'Master Sheet'!$B:$AA,8,FALSE),"") -> 107.955
D84: CAMNIACNC82 | G84: =IFERROR(VLOOKUP($D84,'Master Sheet'!$B:$AA,3,FALSE),"") -> 82MM FILTER NC NEUTRAL COLOUR | I84: =IFERROR(VLOOKUP($D84,'Master Sheet'!$B:$AA,2,FALSE),"") -> FTA70401 | J84: =IFERROR(VLOOKUP($D84,'Master Sheet'!$B:$AA,5,FALSE),"") -> 018208024971 | K84: =IFERROR(VLOOKUP($D84,'Master Sheet'!$B:$AA,8,FALSE),"") -> 1826.955
D85: CAMNIACCPLII82 | G85: =IFERROR(VLOOKUP($D85,'Master Sheet'!$B:$AA,3,FALSE),"") -> 82MM FILTER C-PL II | I85: =IFERROR(VLOOKUP($D85,'Master Sheet'!$B:$AA,2,FALSE),"") -> FTA70501 | J85: =IFERROR(VLOOKUP($D85,'Master Sheet'!$B:$AA,5,FALSE),"") -> 018208024988 | K85: =IFERROR(VLOOKUP($D85,'Master Sheet'!$B:$AA,8,FALSE),"") -> 3680.955
G86: =IFERROR(VLOOKUP($D86,'Master Sheet'!$B:$AA,3,FALSE),"") | I86: =IFERROR(VLOOKUP($D86,'Master Sheet'!$B:$AA,2,FALSE),"") | J86: =IFERROR(VLOOKUP($D86,'Master Sheet'!$B:$AA,5,FALSE),"") | K86: =IFERROR(VLOOKUP($D86,'Master Sheet'!$B:$AA,8,FALSE),"")
D87: Z 24-70MM F4 Z S LENS | G87: =IFERROR(VLOOKUP($D87,'Master Sheet'!$B:$AA,3,FALSE),"") | I87: HB-85 LENS HOOD | J87: =IFERROR(VLOOKUP($D87,'Master Sheet'!$B:$AA,5,FALSE),"") | K87: =IFERROR(VLOOKUP($D87,'Master Sheet'!$B:$AA,8,FALSE),"")
D88: LENNIZ24-70F4 | G88: =IFERROR(VLOOKUP($D88,'Master Sheet'!$B:$AA,3,FALSE),"") -> Nikon NIKKOR Z 24-70MM F4 Z S LENS | I88: =IFERROR(VLOOKUP($D88,'Master Sheet'!$B:$AA,2,FALSE),"") -> JMA704DA | J88: =IFERROR(VLOOKUP($D88,'Master Sheet'!$B:$AA,5,FALSE),"") -> 018208200726 | K88: =IFERROR(VLOOKUP($D88,'Master Sheet'!$B:$AA,8,FALSE),"") -> 13049.955
D89: CAMNIACILCLC72B | G89: =IFERROR(VLOOKUP($D89,'Master Sheet'!$B:$AA,3,FALSE),"") -> 72mm Z-Series Lens Cap | I89: =IFERROR(VLOOKUP($D89,'Master Sheet'!$B:$AA,2,FALSE),"") -> JMD00301 | J89: =IFERROR(VLOOKUP($D89,'Master Sheet'!$B:$AA,5,FALSE),"") -> 018208041954 | K89: =IFERROR(VLOOKUP($D89,'Master Sheet'!$B:$AA,8,FALSE),"") -> 188.955
D90: CAMNIACILCLFN1 | G90: =IFERROR(VLOOKUP($D90,'Master Sheet'!$B:$AA,3,FALSE),"") -> LF-N1 Rear Lens Cap (Z-Series) | I90: =IFERROR(VLOOKUP($D90,'Master Sheet'!$B:$AA,2,FALSE),"") -> JMD00101 | J90: =IFERROR(VLOOKUP($D90,'Master Sheet'!$B:$AA,5,FALSE),"") -> 018208041824 | K90: =IFERROR(VLOOKUP($D90,'Master Sheet'!$B:$AA,8,FALSE),"") -> 107.955
D91: CAMNIACNC72 | G91: =IFERROR(VLOOKUP($D91,'Master Sheet'!$B:$AA,3,FALSE),"") -> 72MM FILTER NC NEUTRAL COLOUR | I91: =IFERROR(VLOOKUP($D91,'Master Sheet'!$B:$AA,2,FALSE),"") -> FTA16601 | J91: =IFERROR(VLOOKUP($D91,'Master Sheet'!$B:$AA,5,FALSE),"") -> 018208024810 | K91: =IFERROR(VLOOKUP($D91,'Master Sheet'!$B:$AA,8,FALSE),"") -> 1439.955
D92: CAMNIACCPLII72 | G92: =IFERROR(VLOOKUP($D92,'Master Sheet'!$B:$AA,3,FALSE),"") -> 72MM FILTER C-PL II | I92: =IFERROR(VLOOKUP($D92,'Master Sheet'!$B:$AA,2,FALSE),"") -> FTA16701 | J92: =IFERROR(VLOOKUP($D92,'Master Sheet'!$B:$AA,5,FALSE),"") -> 018208022571 | K92: =IFERROR(VLOOKUP($D92,'Master Sheet'!$B:$AA,8,FALSE),"") -> 3059.955
G93: =IFERROR(VLOOKUP($D93,'Master Sheet'!$B:$AA,3,FALSE),"") | I93: =IFERROR(VLOOKUP($D93,'Master Sheet'!$B:$AA,2,FALSE),"") | J93: =IFERROR(VLOOKUP($D93,'Master Sheet'!$B:$AA,5,FALSE),"") | K93: =IFERROR(VLOOKUP($D93,'Master Sheet'!$B:$AA,8,FALSE),"")
D94: Z 24-120mm F4 S Z Lens | G94: =IFERROR(VLOOKUP($D94,'Master Sheet'!$B:$AA,3,FALSE),"") | I94: HB-102 LENS HOOD | K94: =IFERROR(VLOOKUP($D94,'Master Sheet'!$B:$AA,8,FALSE),"")
D95: LENNIZ24-120F4 | G95: =IFERROR(VLOOKUP($D95,'Master Sheet'!$B:$AA,3,FALSE),"") -> Nikon NIKKOR Z 24-120mm F4 S Lens | I95: =IFERROR(VLOOKUP($D95,'Master Sheet'!$B:$AA,2,FALSE),"") -> JMA714DA | J95: =IFERROR(VLOOKUP($D95,'Master Sheet'!$B:$AA,5,FALSE),"") -> 018208201051 | K95: =IFERROR(VLOOKUP($D95,'Master Sheet'!$B:$AA,8,FALSE),"") -> 17216.955
D96: CAMNIACILCLC77B | G96: =IFERROR(VLOOKUP($D96,'Master Sheet'!$B:$AA,3,FALSE),"") -> 77mm Z-Series Lens Cap | I96: =IFERROR(VLOOKUP($D96,'Master Sheet'!$B:$AA,2,FALSE),"") -> JMD00801 | J96: =IFERROR(VLOOKUP($D96,'Master Sheet'!$B:$AA,5,FALSE),"") -> 4960759902238 | K96: =IFERROR(VLOOKUP($D96,'Master Sheet'!$B:$AA,8,FALSE),"") -> 233.955
D97: CAMNIACILCLFN1 | G97: =IFERROR(VLOOKUP($D97,'Master Sheet'!$B:$AA,3,FALSE),"") -> LF-N1 Rear Lens Cap (Z-Series) | I97: =IFERROR(VLOOKUP($D97,'Master Sheet'!$B:$AA,2,FALSE),"") -> JMD00101 | J97: =IFERROR(VLOOKUP($D97,'Master Sheet'!$B:$AA,5,FALSE),"") -> 018208041824 | K97: =IFERROR(VLOOKUP($D97,'Master Sheet'!$B:$AA,8,FALSE),"") -> 107.955
D98: CAMNIACNC77 | G98: =IFERROR(VLOOKUP($D98,'Master Sheet'!$B:$AA,3,FALSE),"") -> 77MM FILTER NC NEUTRAL COLOUR | I98: =IFERROR(VLOOKUP($D98,'Master Sheet'!$B:$AA,2,FALSE),"") -> FTA60801 | J98: =IFERROR(VLOOKUP($D98,'Master Sheet'!$B:$AA,5,FALSE),"") -> 018208024827 | K98: =IFERROR(VLOOKUP($D98,'Master Sheet'!$B:$AA,8,FALSE),"") -> 1592.955
D99: CAMNIACCPLII77 | G99: =IFERROR(VLOOKUP($D99,'Master Sheet'!$B:$AA,3,FALSE),"") -> 77MM FILTER C-PL II | I99: =IFERROR(VLOOKUP($D99,'Master Sheet'!$B:$AA,2,FALSE),"") -> FTA61001 | J99: =IFERROR(VLOOKUP($D99,'Master Sheet'!$B:$AA,5,FALSE),"") -> 018208022601 | K99: =IFERROR(VLOOKUP($D99,'Master Sheet'!$B:$AA,8,FALSE),"") -> 3680.955
G100: =IFERROR(VLOOKUP($D100,'Master Sheet'!$B:$AA,3,FALSE),"") | I100: =IFERROR(VLOOKUP($D100,'Master Sheet'!$B:$AA,2,FALSE),"") | J100: =IFERROR(VLOOKUP($D100,'Master Sheet'!$B:$AA,5,FALSE),"") | K100: =IFERROR(VLOOKUP($D100,'Master Sheet'!$B:$AA,8,FALSE),"")
D101: Z 24-200mm F4-6.3 VR Z Lens | G101: =IFERROR(VLOOKUP($D101,'Master Sheet'!$B:$AA,3,FALSE),"") | I101: HB-93 LENS HOOD | J101: =IFERROR(VLOOKUP($D101,'Master Sheet'!$B:$AA,5,FALSE),"") | K101: =IFERROR(VLOOKUP($D101,'Master Sheet'!$B:$AA,8,FALSE),"")
D102: LENNIZ24-200 | G102: =IFERROR(VLOOKUP($D102,'Master Sheet'!$B:$AA,3,FALSE),"") -> Nikon NIKKOR Z 24-200mm F4-6.3 VR Z Lens | I102: =IFERROR(VLOOKUP($D102,'Master Sheet'!$B:$AA,2,FALSE),"") -> JMA710DA | J102: =IFERROR(VLOOKUP($D102,'Master Sheet'!$B:$AA,5,FALSE),"") -> 018208200924 | K102: =IFERROR(VLOOKUP($D102,'Master Sheet'!$B:$AA,8,FALSE),"") -> 14480.955
D103: CAMNIACILCLC67B | G103: =IFERROR(VLOOKUP($D103,'Master Sheet'!$B:$AA,3,FALSE),"") -> 67mm Z-Series Lens Cap | I103: =IFERROR(VLOOKUP($D103,'Master Sheet'!$B:$AA,2,FALSE),"") -> JMD00701 | J103: =IFERROR(VLOOKUP($D103,'Master Sheet'!$B:$AA,5,FALSE),"") -> 018208042302 | K103: =IFERROR(VLOOKUP($D103,'Master Sheet'!$B:$AA,8,FALSE),"") -> 161.955
D104: CAMNIACILCLFN1 | G104: =IFERROR(VLOOKUP($D104,'Master Sheet'!$B:$AA,3,FALSE),"") -> LF-N1 Rear Lens Cap (Z-Series) | I104: =IFERROR(VLOOKUP($D104,'Master Sheet'!$B:$AA,2,FALSE),"") -> JMD00101 | J104: =IFERROR(VLOOKUP($D104,'Master Sheet'!$B:$AA,5,FALSE),"") -> 018208041824 | K104: =IFERROR(VLOOKUP($D104,'Master Sheet'!$B:$AA,8,FALSE),"") -> 107.955
D105: CAMNIACNC67 | G105: =IFERROR(VLOOKUP($D105,'Master Sheet'!$B:$AA,3,FALSE),"") -> 67MM FILTER NC NEUTRAL COLOUR | I105: =IFERROR(VLOOKUP($D105,'Master Sheet'!$B:$AA,2,FALSE),"") -> FTA13101 | J105: =IFERROR(VLOOKUP($D105,'Master Sheet'!$B:$AA,5,FALSE),"") -> 018208022885 | K105: =IFERROR(VLOOKUP($D105,'Master Sheet'!$B:$AA,8,FALSE),"") -> 863.955
D106: CAMNIACCPLII67 | G106: =IFERROR(VLOOKUP($D106,'Master Sheet'!$B:$AA,3,FALSE),"") -> 67MM FILTER C-PL II | I106: =IFERROR(VLOOKUP($D106,'Master Sheet'!$B:$AA,2,FALSE),"") -> FTA13201 | J106: =IFERROR(VLOOKUP($D106,'Master Sheet'!$B:$AA,5,FALSE),"") -> 018208022557 | K106: =IFERROR(VLOOKUP($D106,'Master Sheet'!$B:$AA,8,FALSE),"") -> 2798.955
G107: =IFERROR(VLOOKUP($D107,'Master Sheet'!$B:$AA,3,FALSE),"") | I107: =IFERROR(VLOOKUP($D107,'Master Sheet'!$B:$AA,2,FALSE),"") | J107: =IFERROR(VLOOKUP($D107,'Master Sheet'!$B:$AA,5,FALSE),"") | K107: =IFERROR(VLOOKUP($D107,'Master Sheet'!$B:$AA,8,FALSE),"")
D108: Z 28-75mm F2.8 VR S Z Lens | G108: =IFERROR(VLOOKUP($D108,'Master Sheet'!$B:$AA,3,FALSE),"") | I108: HB-93 LENS HOOD | J108: =IFERROR(VLOOKUP($D108,'Master Sheet'!$B:$AA,5,FALSE),"") | K108: =IFERROR(VLOOKUP($D108,'Master Sheet'!$B:$AA,8,FALSE),"")
D109: LENNIZ28-75F2.8 | G109: =IFERROR(VLOOKUP($D109,'Master Sheet'!$B:$AA,3,FALSE),"") -> Nikon NIKKOR Z 28-75mm F2.8 S Lens | I109: =IFERROR(VLOOKUP($D109,'Master Sheet'!$B:$AA,2,FALSE),"") -> JMA717DA | J109: =IFERROR(VLOOKUP($D109,'Master Sheet'!$B:$AA,5,FALSE),"") -> 018208201075 | K109: =IFERROR(VLOOKUP($D109,'Master Sheet'!$B:$AA,8,FALSE),"") -> 18782.955
D110: CAMNIACILCLC67B | G110: =IFERROR(VLOOKUP($D110,'Master Sheet'!$B:$AA,3,FALSE),"") -> 67mm Z-Series Lens Cap | I110: =IFERROR(VLOOKUP($D110,'Master Sheet'!$B:$AA,2,FALSE),"") -> JMD00701 | J110: =IFERROR(VLOOKUP($D110,'Master Sheet'!$B:$AA,5,FALSE),"") -> 018208042302 | K110: =IFERROR(VLOOKUP($D110,'Master Sheet'!$B:$AA,8,FALSE),"") -> 161.955
D111: CAMNIACILCLFN1 | G111: =IFERROR(VLOOKUP($D111,'Master Sheet'!$B:$AA,3,FALSE),"") -> LF-N1 Rear Lens Cap (Z-Series) | I111: =IFERROR(VLOOKUP($D111,'Master Sheet'!$B:$AA,2,FALSE),"") -> JMD00101 | J111: =IFERROR(VLOOKUP($D111,'Master Sheet'!$B:$AA,5,FALSE),"") -> 018208041824 | K111: =IFERROR(VLOOKUP($D111,'Master Sheet'!$B:$AA,8,FALSE),"") -> 107.955
D112: CAMNIACNC67 | G112: =IFERROR(VLOOKUP($D112,'Master Sheet'!$B:$AA,3,FALSE),"") -> 67MM FILTER NC NEUTRAL COLOUR | I112: =IFERROR(VLOOKUP($D112,'Master Sheet'!$B:$AA,2,FALSE),"") -> FTA13101 | J112: =IFERROR(VLOOKUP($D112,'Master Sheet'!$B:$AA,5,FALSE),"") -> 018208022885 | K112: =IFERROR(VLOOKUP($D112,'Master Sheet'!$B:$AA,8,FALSE),"") -> 863.955
D113: CAMNIACCPLII67 | G113: =IFERROR(VLOOKUP($D113,'Master Sheet'!$B:$AA,3,FALSE),"") -> 67MM FILTER C-PL II | I113: =IFERROR(VLOOKUP($D113,'Master Sheet'!$B:$AA,2,FALSE),"") -> FTA13201 | J113: =IFERROR(VLOOKUP($D113,'Master Sheet'!$B:$AA,5,FALSE),"") -> 018208022557 | K113: =IFERROR(VLOOKUP($D113,'Master Sheet'!$B:$AA,8,FALSE),"") -> 2798.955
G114: =IFERROR(VLOOKUP($D114,'Master Sheet'!$B:$AA,3,FALSE),"") | I114: =IFERROR(VLOOKUP($D114,'Master Sheet'!$B:$AA,2,FALSE),"") | J114: =IFERROR(VLOOKUP($D114,'Master Sheet'!$B:$AA,5,FALSE),"") | K114: =IFERROR(VLOOKUP($D114,'Master Sheet'!$B:$AA,8,FALSE),"")
G115: =IFERROR(VLOOKUP($D115,'Master Sheet'!$B:$AA,3,FALSE),"") | I115: =IFERROR(VLOOKUP($D115,'Master Sheet'!$B:$AA,2,FALSE),"") | J115: =IFERROR(VLOOKUP($D115,'Master Sheet'!$B:$AA,5,FALSE),"") | K115: =IFERROR(VLOOKUP($D115,'Master Sheet'!$B:$AA,8,FALSE),"")

Sheet Z Lenses - Zoom
G16: Telephoto - Fixed
C18: Order Code | G18: Details | I18: Product Code | J18: Barcode | K18: Dealer (Export)
D20: Z MC 105mm f/2.8 VR S Macro Lens | I20: HB-99 LENS HOOD
D21: LENNIZ105F2.8 | G21: =IFERROR(VLOOKUP($D21,'Master Sheet'!$B:$AA,3,FALSE),"") -> Nikon NIKKOR Z MC 105mm f/2.8 VR S Macro Lens | I21: =IFERROR(VLOOKUP($D21,'Master Sheet'!$B:$AA,2,FALSE),"") -> JMA602DA | J21: =IFERROR(VLOOKUP($D21,'Master Sheet'!$B:$AA,5,FALSE),"") -> 018208201006 | K21: =IFERROR(VLOOKUP($D21,'Master Sheet'!$B:$AA,8,FALSE),"") -> 18782.955
D22: CAMNIACILCLC62B | G22: =IFERROR(VLOOKUP($D22,'Master Sheet'!$B:$AA,3,FALSE),"") -> 62mm Z-Series Lens Cap | I22: =IFERROR(VLOOKUP($D22,'Master Sheet'!$B:$AA,2,FALSE),"") -> JMD00201 | J22: =IFERROR(VLOOKUP($D22,'Master Sheet'!$B:$AA,5,FALSE),"") -> 4960759149893 | K22: =IFERROR(VLOOKUP($D22,'Master Sheet'!$B:$AA,8,FALSE),"") -> 170.955
D23: CAMNIACILCLFN1 | G23: =IFERROR(VLOOKUP($D23,'Master Sheet'!$B:$AA,3,FALSE),"") -> LF-N1 Rear Lens Cap (Z-Series) | I23: =IFERROR(VLOOKUP($D23,'Master Sheet'!$B:$AA,2,FALSE),"") -> JMD00101 | J23: =IFERROR(VLOOKUP($D23,'Master Sheet'!$B:$AA,5,FALSE),"") -> 018208041824 | K23: =IFERROR(VLOOKUP($D23,'Master Sheet'!$B:$AA,8,FALSE),"") -> 107.955
D24: CAMNIACNC62 | G24: =IFERROR(VLOOKUP($D24,'Master Sheet'!$B:$AA,3,FALSE),"") -> 62MM FILTER NC NEUTRAL COLOUR | I24: =IFERROR(VLOOKUP($D24,'Master Sheet'!$B:$AA,2,FALSE),"") -> FTA11401 | J24: =IFERROR(VLOOKUP($D24,'Master Sheet'!$B:$AA,5,FALSE),"") -> 018208024803 | K24: =IFERROR(VLOOKUP($D24,'Master Sheet'!$B:$AA,8,FALSE),"") -> 710.955
D25: CAMNIACCPLII62 | G25: =IFERROR(VLOOKUP($D25,'Master Sheet'!$B:$AA,3,FALSE),"") -> 62MM C-PL II FILTER | I25: =IFERROR(VLOOKUP($D25,'Master Sheet'!$B:$AA,2,FALSE),"") -> FTA11501 | J25: =IFERROR(VLOOKUP($D25,'Master Sheet'!$B:$AA,5,FALSE),"") -> 018208022526 | K25: =IFERROR(VLOOKUP($D25,'Master Sheet'!$B:$AA,8,FALSE),"") -> 2447.955
G26: =IFERROR(VLOOKUP($D26,'Master Sheet'!$B:$AA,3,FALSE),"") | I26: =IFERROR(VLOOKUP($D26,'Master Sheet'!$B:$AA,2,FALSE),"") | J26: =IFERROR(VLOOKUP($D26,'Master Sheet'!$B:$AA,5,FALSE),"") | K26: =IFERROR(VLOOKUP($D26,'Master Sheet'!$B:$AA,8,FALSE),"")
D27: Z 135mm f/1.8 S Plena Lens | I27: HB-108 LENS HOOD
D28: LENNIZ135F1.8 | G28: =IFERROR(VLOOKUP($D28,'Master Sheet'!$B:$AA,3,FALSE),"") -> Nikon NIKKOR Z 135mm f/1.8 S Plena Lens | I28: =IFERROR(VLOOKUP($D28,'Master Sheet'!$B:$AA,2,FALSE),"") -> JMA303DA | J28: =IFERROR(VLOOKUP($D28,'Master Sheet'!$B:$AA,5,FALSE),"") -> 018208201235 | K28: =IFERROR(VLOOKUP($D28,'Master Sheet'!$B:$AA,8,FALSE),"") -> 46961.955
D29: CAMNIACILCLC82B | G29: =IFERROR(VLOOKUP($D29,'Master Sheet'!$B:$AA,3,FALSE),"") -> 82mm Z-Series Lens Cap | I29: =IFERROR(VLOOKUP($D29,'Master Sheet'!$B:$AA,2,FALSE),"") -> JMD00401 | J29: =IFERROR(VLOOKUP($D29,'Master Sheet'!$B:$AA,5,FALSE),"") -> 4960759149916 | K29: =IFERROR(VLOOKUP($D29,'Master Sheet'!$B:$AA,8,FALSE),"") -> 278.955
D30: CAMNIACILCLFN1 | G30: =IFERROR(VLOOKUP($D30,'Master Sheet'!$B:$AA,3,FALSE),"") -> LF-N1 Rear Lens Cap (Z-Series) | I30: =IFERROR(VLOOKUP($D30,'Master Sheet'!$B:$AA,2,FALSE),"") -> JMD00101 | J30: =IFERROR(VLOOKUP($D30,'Master Sheet'!$B:$AA,5,FALSE),"") -> 018208041824 | K30: =IFERROR(VLOOKUP($D30,'Master Sheet'!$B:$AA,8,FALSE),"") -> 107.955
D31: CAMNIACNC82 | G31: =IFERROR(VLOOKUP($D31,'Master Sheet'!$B:$AA,3,FALSE),"") -> 82MM FILTER NC NEUTRAL COLOUR | I31: =IFERROR(VLOOKUP($D31,'Master Sheet'!$B:$AA,2,FALSE),"") -> FTA70401 | J31: =IFERROR(VLOOKUP($D31,'Master Sheet'!$B:$AA,5,FALSE),"") -> 018208024971 | K31: =IFERROR(VLOOKUP($D31,'Master Sheet'!$B:$AA,8,FALSE),"") -> 1826.955
D32: CAMNIACCPLII82 | G32: =IFERROR(VLOOKUP($D32,'Master Sheet'!$B:$AA,3,FALSE),"") -> 82MM FILTER C-PL II | I32: =IFERROR(VLOOKUP($D32,'Master Sheet'!$B:$AA,2,FALSE),"") -> FTA70501 | J32: =IFERROR(VLOOKUP($D32,'Master Sheet'!$B:$AA,5,FALSE),"") -> 018208024988 | K32: =IFERROR(VLOOKUP($D32,'Master Sheet'!$B:$AA,8,FALSE),"") -> 3680.955
G33: =IFERROR(VLOOKUP($D33,'Master Sheet'!$B:$AA,3,FALSE),"") | I33: =IFERROR(VLOOKUP($D33,'Master Sheet'!$B:$AA,2,FALSE),"") | J33: =IFERROR(VLOOKUP($D33,'Master Sheet'!$B:$AA,5,FALSE),"") | K33: =IFERROR(VLOOKUP($D33,'Master Sheet'!$B:$AA,8,FALSE),"")
D34: Z 400mm f/2.8 VR S Lens | G34: =IFERROR(VLOOKUP($D34,'Master Sheet'!$B:$AA,3,FALSE),"") | I34: =IFERROR(VLOOKUP($D34,'Master Sheet'!$B:$AA,2,FALSE),"") | J34: =IFERROR(VLOOKUP($D34,'Master Sheet'!$B:$AA,5,FALSE),"") | K34: =IFERROR(VLOOKUP($D34,'Master Sheet'!$B:$AA,8,FALSE),"")
D35: LENNIZ400F2.8 | G35: =IFERROR(VLOOKUP($D35,'Master Sheet'!$B:$AA,3,FALSE),"") -> Nikon NIKKOR Z 400mm f/2.8 VR S Lens | I35: =IFERROR(VLOOKUP($D35,'Master Sheet'!$B:$AA,2,FALSE),"") -> JMA501DA | J35: =IFERROR(VLOOKUP($D35,'Master Sheet'!$B:$AA,5,FALSE),"") -> 018208201112 | K35: =IFERROR(VLOOKUP($D35,'Master Sheet'!$B:$AA,8,FALSE),"") -> 254348.96
D36: CAMNIACILCLFN1 | G36: =IFERROR(VLOOKUP($D36,'Master Sheet'!$B:$AA,3,FALSE),"") -> LF-N1 Rear Lens Cap (Z-Series) | I36: =IFERROR(VLOOKUP($D36,'Master Sheet'!$B:$AA,2,FALSE),"") -> JMD00101 | J36: =IFERROR(VLOOKUP($D36,'Master Sheet'!$B:$AA,5,FALSE),"") -> 018208041824 | K36: =IFERROR(VLOOKUP($D36,'Master Sheet'!$B:$AA,8,FALSE),"") -> 107.955
G37: =IFERROR(VLOOKUP($D37,'Master Sheet'!$B:$AA,3,FALSE),"") | I37: =IFERROR(VLOOKUP($D37,'Master Sheet'!$B:$AA,2,FALSE),"") | J37: =IFERROR(VLOOKUP($D37,'Master Sheet'!$B:$AA,5,FALSE),"") | K37: =IFERROR(VLOOKUP($D37,'Master Sheet'!$B:$AA,8,FALSE),"")
D38: Z 400mm f/4.5 VR S Lens | G38: =IFERROR(VLOOKUP($D38,'Master Sheet'!$B:$AA,3,FALSE),"") | I38: HB-105 LENS HOOD | K38: =IFERROR(VLOOKUP($D38,'Master Sheet'!$B:$AA,8,FALSE),"")
D39: LENNIZ400F4.5 | G39: =IFERROR(VLOOKUP($D39,'Master Sheet'!$B:$AA,3,FALSE),"") -> Nikon NIKKOR Z 400mm f/4.5 VR S Lens | I39: =IFERROR(VLOOKUP($D39,'Master Sheet'!$B:$AA,2,FALSE),"") -> JMA503DA | J39: =IFERROR(VLOOKUP($D39,'Master Sheet'!$B:$AA,5,FALSE),"") -> 018208201129 | K39: =IFERROR(VLOOKUP($D39,'Master Sheet'!$B:$AA,8,FALSE),"") -> 59480.955
D40: CAMNIACILCLC95B | G40: =IFERROR(VLOOKUP($D40,'Master Sheet'!$B:$AA,3,FALSE),"") -> 95mm Z-Series Lens Cap | I40: =IFERROR(VLOOKUP($D40,'Master Sheet'!$B:$AA,2,FALSE),"") -> JMD01601 | J40: =IFERROR(VLOOKUP($D40,'Master Sheet'!$B:$AA,5,FALSE),"") -> 018208042715 | K40: =IFERROR(VLOOKUP($D40,'Master Sheet'!$B:$AA,8,FALSE),"") -> 359.955
D41: CAMNIACILCLFN1 | G41: =IFERROR(VLOOKUP($D41,'Master Sheet'!$B:$AA,3,FALSE),"") -> LF-N1 Rear Lens Cap (Z-Series) | I41: =IFERROR(VLOOKUP($D41,'Master Sheet'!$B:$AA,2,FALSE),"") -> JMD00101 | J41: =IFERROR(VLOOKUP($D41,'Master Sheet'!$B:$AA,5,FALSE),"") -> 018208041824 | K41: =IFERROR(VLOOKUP($D41,'Master Sheet'!$B:$AA,8,FALSE),"") -> 107.955
D42: CAMNIACNC95 | G42: =IFERROR(VLOOKUP($D42,'Master Sheet'!$B:$AA,3,FALSE),"") -> 95MM FILTER NC NEUTRAL COLOUR | I42: =IFERROR(VLOOKUP($D42,'Master Sheet'!$B:$AA,2,FALSE),"") -> FTA70601 | J42: =IFERROR(VLOOKUP($D42,'Master Sheet'!$B:$AA,5,FALSE),"") -> 018208025084 | K42: =IFERROR(VLOOKUP($D42,'Master Sheet'!$B:$AA,8,FALSE),"") -> 3176.955
D43: CAMNIACCPLII95 | G43: =IFERROR(VLOOKUP($D43,'Master Sheet'!$B:$AA,3,FALSE),"") -> 95MM FILTER C-PL II | I43: =IFERROR(VLOOKUP($D43,'Master Sheet'!$B:$AA,2,FALSE),"") -> FTA70701 | J43: =IFERROR(VLOOKUP($D43,'Master Sheet'!$B:$AA,5,FALSE),"") -> 018208025091 | K43: =IFERROR(VLOOKUP($D43,'Master Sheet'!$B:$AA,8,FALSE),"") -> 8477.955
G44: =IFERROR(VLOOKUP($D44,'Master Sheet'!$B:$AA,3,FALSE),"") | I44: =IFERROR(VLOOKUP($D44,'Master Sheet'!$B:$AA,2,FALSE),"") | J44: =IFERROR(VLOOKUP($D44,'Master Sheet'!$B:$AA,5,FALSE),"") | K44: =IFERROR(VLOOKUP($D44,'Master Sheet'!$B:$AA,8,FALSE),"")
D45: Z 600mm f/4 TC VR S Lens | G45: =IFERROR(VLOOKUP($D45,'Master Sheet'!$B:$AA,3,FALSE),"") | I45: =IFERROR(VLOOKUP($D45,'Master Sheet'!$B:$AA,2,FALSE),"") | J45: =IFERROR(VLOOKUP($D45,'Master Sheet'!$B:$AA,5,FALSE),"") | K45: =IFERROR(VLOOKUP($D45,'Master Sheet'!$B:$AA,8,FALSE),"")
D46: LENNIZ600F4 | G46: =IFERROR(VLOOKUP($D46,'Master Sheet'!$B:$AA,3,FALSE),"") -> Nikon NIKKOR Z 600mm f/4 TC VR S Lens | I46: =IFERROR(VLOOKUP($D46,'Master Sheet'!$B:$AA,2,FALSE),"") -> JMA504DA | J46: =IFERROR(VLOOKUP($D46,'Master Sheet'!$B:$AA,5,FALSE),"") -> 018208201136 | K46: =IFERROR(VLOOKUP($D46,'Master Sheet'!$B:$AA,8,FALSE),"") -> 273914.96
D47: CAMNIACILCLFN1 | G47: =IFERROR(VLOOKUP($D47,'Master Sheet'!$B:$AA,3,FALSE),"") -> LF-N1 Rear Lens Cap (Z-Series) | I47: =IFERROR(VLOOKUP($D47,'Master Sheet'!$B:$AA,2,FALSE),"") -> JMD00101 | J47: =IFERROR(VLOOKUP($D47,'Master Sheet'!$B:$AA,5,FALSE),"") -> 018208041824 | K47: =IFERROR(VLOOKUP($D47,'Master Sheet'!$B:$AA,8,FALSE),"") -> 107.955
G48: =IFERROR(VLOOKUP($D48,'Master Sheet'!$B:$AA,3,FALSE),"") | I48: =IFERROR(VLOOKUP($D48,'Master Sheet'!$B:$AA,2,FALSE),"") | J48: =IFERROR(VLOOKUP($D48,'Master Sheet'!$B:$AA,5,FALSE),"") | K48: =IFERROR(VLOOKUP($D48,'Master Sheet'!$B:$AA,8,FALSE),"")
D49: Z 600mm f/6.3 VR S Lens | G49: =IFERROR(VLOOKUP($D49,'Master Sheet'!$B:$AA,3,FALSE),"") | I49: HB-105 LENS HOOD | K49: =IFERROR(VLOOKUP($D49,'Master Sheet'!$B:$AA,8,FALSE),"")
D50: LENNIZ600F6.3 | G50: =IFERROR(VLOOKUP($D50,'Master Sheet'!$B:$AA,3,FALSE),"") -> Nikon NIKKOR Z 600mm f/6.3 VR S Lens | I50: =IFERROR(VLOOKUP($D50,'Master Sheet'!$B:$AA,2,FALSE),"") -> JMA505DA | J50: =IFERROR(VLOOKUP($D50,'Master Sheet'!$B:$AA,5,FALSE),"") -> 018208201228 | K50: =IFERROR(VLOOKUP($D50,'Master Sheet'!$B:$AA,8,FALSE),"") -> 93914.955
D51: CAMNIACILCLC95B | G51: =IFERROR(VLOOKUP($D51,'Master Sheet'!$B:$AA,3,FALSE),"") -> 95mm Z-Series Lens Cap | I51: =IFERROR(VLOOKUP($D51,'Master Sheet'!$B:$AA,2,FALSE),"") -> JMD01601 | J51: =IFERROR(VLOOKUP($D51,'Master Sheet'!$B:$AA,5,FALSE),"") -> 018208042715 | K51: =IFERROR(VLOOKUP($D51,'Master Sheet'!$B:$AA,8,FALSE),"") -> 359.955
D52: CAMNIACILCLFN1 | G52: =IFERROR(VLOOKUP($D52,'Master Sheet'!$B:$AA,3,FALSE),"") -> LF-N1 Rear Lens Cap (Z-Series) | I52: =IFERROR(VLOOKUP($D52,'Master Sheet'!$B:$AA,2,FALSE),"") -> JMD00101 | J52: =IFERROR(VLOOKUP($D52,'Master Sheet'!$B:$AA,5,FALSE),"") -> 018208041824 | K52: =IFERROR(VLOOKUP($D52,'Master Sheet'!$B:$AA,8,FALSE),"") -> 107.955
D53: CAMNIACNC95 | G53: =IFERROR(VLOOKUP($D53,'Master Sheet'!$B:$AA,3,FALSE),"") -> 95MM FILTER NC NEUTRAL COLOUR | I53: =IFERROR(VLOOKUP($D53,'Master Sheet'!$B:$AA,2,FALSE),"") -> FTA70601 | J53: =IFERROR(VLOOKUP($D53,'Master Sheet'!$B:$AA,5,FALSE),"") -> 018208025084 | K53: =IFERROR(VLOOKUP($D53,'Master Sheet'!$B:$AA,8,FALSE),"") -> 3176.955
D54: CAMNIACCPLII95 | G54: =IFERROR(VLOOKUP($D54,'Master Sheet'!$B:$AA,3,FALSE),"") -> 95MM FILTER C-PL II | I54: =IFERROR(VLOOKUP($D54,'Master Sheet'!$B:$AA,2,FALSE),"") -> FTA70701 | J54: =IFERROR(VLOOKUP($D54,'Master Sheet'!$B:$AA,5,FALSE),"") -> 018208025091 | K54: =IFERROR(VLOOKUP($D54,'Master Sheet'!$B:$AA,8,FALSE),"") -> 8477.955
G55: =IFERROR(VLOOKUP($D55,'Master Sheet'!$B:$AA,3,FALSE),"") | I55: =IFERROR(VLOOKUP($D55,'Master Sheet'!$B:$AA,2,FALSE),"") | J55: =IFERROR(VLOOKUP($D55,'Master Sheet'!$B:$AA,5,FALSE),"") | K55: =IFERROR(VLOOKUP($D55,'Master Sheet'!$B:$AA,8,FALSE),"")
D56: Z 800mm f/6.3 VR S Lens | G56: =IFERROR(VLOOKUP($D56,'Master Sheet'!$B:$AA,3,FALSE),"") | I56: HB-104 LENS HOOD | K56: =IFERROR(VLOOKUP($D56,'Master Sheet'!$B:$AA,8,FALSE),"")
D57: LENNIZ800F6.3 | G57: =IFERROR(VLOOKUP($D57,'Master Sheet'!$B:$AA,3,FALSE),"") -> Nikon NIKKOR Z 800mm f/6.3 VR S Lens | I57: =IFERROR(VLOOKUP($D57,'Master Sheet'!$B:$AA,2,FALSE),"") -> JMA502DA | J57: =IFERROR(VLOOKUP($D57,'Master Sheet'!$B:$AA,5,FALSE),"") -> 018208201082 | K57: =IFERROR(VLOOKUP($D57,'Master Sheet'!$B:$AA,8,FALSE),"") -> 117395.96
D58: CAMNIACILCLFN1 | G58: =IFERROR(VLOOKUP($D58,'Master Sheet'!$B:$AA,3,FALSE),"") -> LF-N1 Rear Lens Cap (Z-Series) | I58: =IFERROR(VLOOKUP($D58,'Master Sheet'!$B:$AA,2,FALSE),"") -> JMD00101 | J58: =IFERROR(VLOOKUP($D58,'Master Sheet'!$B:$AA,5,FALSE),"") -> 018208041824 | K58: =IFERROR(VLOOKUP($D58,'Master Sheet'!$B:$AA,8,FALSE),"") -> 107.955
G59: =IFERROR(VLOOKUP($D59,'Master Sheet'!$B:$AA,3,FALSE),"") | I59: =IFERROR(VLOOKUP($D59,'Master Sheet'!$B:$AA,2,FALSE),"") | J59: =IFERROR(VLOOKUP($D59,'Master Sheet'!$B:$AA,5,FALSE),"") | K59: =IFERROR(VLOOKUP($D59,'Master Sheet'!$B:$AA,8,FALSE),"")
G61: Telephoto - Zoom
C63: Order Code | G63: Details | I63: Product Code | J63: Barcode | K63: Dealer (Export)
D65: Z 28-400mm F4-8 VR Lens | I65: HB-114 LENS HOOD
D66: LENNIZ28-400F4-8 | G66: =IFERROR(VLOOKUP($D66,'Master Sheet'!$B:$AA,3,FALSE),"") -> Nikon NIKKOR Z 28-400mm F4-8 VR Lens | I66: =IFERROR(VLOOKUP($D66,'Master Sheet'!$B:$AA,2,FALSE),"") -> JMA722DA | J66: =IFERROR(VLOOKUP($D66,'Master Sheet'!$B:$AA,5,FALSE),"") -> 018208201259 | K66: =IFERROR(VLOOKUP($D66,'Master Sheet'!$B:$AA,8,FALSE),"") -> 25046.955
D67: CAMNIACILCLC77B | G67: =IFERROR(VLOOKUP($D67,'Master Sheet'!$B:$AA,3,FALSE),"") -> 77mm Z-Series Lens Cap | I67: =IFERROR(VLOOKUP($D67,'Master Sheet'!$B:$AA,2,FALSE),"") -> JMD00801 | J67: =IFERROR(VLOOKUP($D67,'Master Sheet'!$B:$AA,5,FALSE),"") -> 4960759902238 | K67: =IFERROR(VLOOKUP($D67,'Master Sheet'!$B:$AA,8,FALSE),"") -> 233.955
D68: CAMNIACILCLFN1 | G68: =IFERROR(VLOOKUP($D68,'Master Sheet'!$B:$AA,3,FALSE),"") -> LF-N1 Rear Lens Cap (Z-Series) | I68: =IFERROR(VLOOKUP($D68,'Master Sheet'!$B:$AA,2,FALSE),"") -> JMD00101 | J68: =IFERROR(VLOOKUP($D68,'Master Sheet'!$B:$AA,5,FALSE),"") -> 018208041824 | K68: =IFERROR(VLOOKUP($D68,'Master Sheet'!$B:$AA,8,FALSE),"") -> 107.955
D69: CAMNIACNC77 | G69: =IFERROR(VLOOKUP($D69,'Master Sheet'!$B:$AA,3,FALSE),"") -> 77MM FILTER NC NEUTRAL COLOUR | I69: =IFERROR(VLOOKUP($D69,'Master Sheet'!$B:$AA,2,FALSE),"") -> FTA60801 | J69: =IFERROR(VLOOKUP($D69,'Master Sheet'!$B:$AA,5,FALSE),"") -> 018208024827 | K69: =IFERROR(VLOOKUP($D69,'Master Sheet'!$B:$AA,8,FALSE),"") -> 1592.955
D70: CAMNIACCPLII77 | G70: =IFERROR(VLOOKUP($D70,'Master Sheet'!$B:$AA,3,FALSE),"") -> 77MM FILTER C-PL II | I70: =IFERROR(VLOOKUP($D70,'Master Sheet'!$B:$AA,2,FALSE),"") -> FTA61001 | J70: =IFERROR(VLOOKUP($D70,'Master Sheet'!$B:$AA,5,FALSE),"") -> 018208022601 | K70: =IFERROR(VLOOKUP($D70,'Master Sheet'!$B:$AA,8,FALSE),"") -> 3680.955
G71: =IFERROR(VLOOKUP($D71,'Master Sheet'!$B:$AA,3,FALSE),"") | I71: =IFERROR(VLOOKUP($D71,'Master Sheet'!$B:$AA,2,FALSE),"") | J71: =IFERROR(VLOOKUP($D71,'Master Sheet'!$B:$AA,5,FALSE),"") | K71: =IFERROR(VLOOKUP($D71,'Master Sheet'!$B:$AA,8,FALSE),"")
D72: Z 50-250MM F4.5-6.3 VR DX Lens | I72: HB-90 LENS HOOD
D73: LENNIZ50-250 | G73: =IFERROR(VLOOKUP($D73,'Master Sheet'!$B:$AA,3,FALSE),"") -> Nikon NIKKOR Z 50-250MM F4.5-6.3 VR DX Lens | I73: =IFERROR(VLOOKUP($D73,'Master Sheet'!$B:$AA,2,FALSE),"") -> JMA707DA | J73: =IFERROR(VLOOKUP($D73,'Master Sheet'!$B:$AA,5,FALSE),"") -> 018208200856 | K73: =IFERROR(VLOOKUP($D73,'Master Sheet'!$B:$AA,8,FALSE),"") -> 5876.955
D74: CAMNIACILCLC62B | G74: =IFERROR(VLOOKUP($D74,'Master Sheet'!$B:$AA,3,FALSE),"") -> 62mm Z-Series Lens Cap | I74: =IFERROR(VLOOKUP($D74,'Master Sheet'!$B:$AA,2,FALSE),"") -> JMD00201 | J74: =IFERROR(VLOOKUP($D74,'Master Sheet'!$B:$AA,5,FALSE),"") -> 4960759149893 | K74: =IFERROR(VLOOKUP($D74,'Master Sheet'!$B:$AA,8,FALSE),"") -> 170.955
D75: CAMNIACILCLFN1 | G75: =IFERROR(VLOOKUP($D75,'Master Sheet'!$B:$AA,3,FALSE),"") -> LF-N1 Rear Lens Cap (Z-Series) | I75: =IFERROR(VLOOKUP($D75,'Master Sheet'!$B:$AA,2,FALSE),"") -> JMD00101 | J75: =IFERROR(VLOOKUP($D75,'Master Sheet'!$B:$AA,5,FALSE),"") -> 018208041824 | K75: =IFERROR(VLOOKUP($D75,'Master Sheet'!$B:$AA,8,FALSE),"") -> 107.955
D76: CAMNIACNC62 | G76: =IFERROR(VLOOKUP($D76,'Master Sheet'!$B:$AA,3,FALSE),"") -> 62MM FILTER NC NEUTRAL COLOUR | I76: =IFERROR(VLOOKUP($D76,'Master Sheet'!$B:$AA,2,FALSE),"") -> FTA11401 | J76: =IFERROR(VLOOKUP($D76,'Master Sheet'!$B:$AA,5,FALSE),"") -> 018208024803 | K76: =IFERROR(VLOOKUP($D76,'Master Sheet'!$B:$AA,8,FALSE),"") -> 710.955
D77: CAMNIACCPLII62 | G77: =IFERROR(VLOOKUP($D77,'Master Sheet'!$B:$AA,3,FALSE),"") -> 62MM C-PL II FILTER | I77: =IFERROR(VLOOKUP($D77,'Master Sheet'!$B:$AA,2,FALSE),"") -> FTA11501 | J77: =IFERROR(VLOOKUP($D77,'Master Sheet'!$B:$AA,5,FALSE),"") -> 018208022526 | K77: =IFERROR(VLOOKUP($D77,'Master Sheet'!$B:$AA,8,FALSE),"") -> 2447.955
G78: =IFERROR(VLOOKUP($D78,'Master Sheet'!$B:$AA,3,FALSE),"") | I78: =IFERROR(VLOOKUP($D78,'Master Sheet'!$B:$AA,2,FALSE),"") | J78: =IFERROR(VLOOKUP($D78,'Master Sheet'!$B:$AA,5,FALSE),"") | K78: =IFERROR(VLOOKUP($D78,'Master Sheet'!$B:$AA,8,FALSE),"")
D79: Z 70-180mm f/2.8 Lens | I79: HB-113 LENS HOOD | K79: =IFERROR(VLOOKUP($D79,'Master Sheet'!$B:$AA,8,FALSE),"")
D80: LENNIZ70-180F2.8 | G80: =IFERROR(VLOOKUP($D80,'Master Sheet'!$B:$AA,3,FALSE),"") -> Nikon NIKKOR Z 70-180mm f/2.8 Lens | I80: =IFERROR(VLOOKUP($D80,'Master Sheet'!$B:$AA,2,FALSE),"") -> JMA721DA | J80: =IFERROR(VLOOKUP($D80,'Master Sheet'!$B:$AA,5,FALSE),"") -> 018208201204 | K80: =IFERROR(VLOOKUP($D80,'Master Sheet'!$B:$AA,8,FALSE),"") -> 22697.955
D81: CAMNIACILCLC67B | G81: =IFERROR(VLOOKUP($D81,'Master Sheet'!$B:$AA,3,FALSE),"") -> 67mm Z-Series Lens Cap | I81: =IFERROR(VLOOKUP($D81,'Master Sheet'!$B:$AA,2,FALSE),"") -> JMD00701 | J81: =IFERROR(VLOOKUP($D81,'Master Sheet'!$B:$AA,5,FALSE),"") -> 018208042302 | K81: =IFERROR(VLOOKUP($D81,'Master Sheet'!$B:$AA,8,FALSE),"") -> 161.955
D82: CAMNIACILCLFN1 | G82: =IFERROR(VLOOKUP($D82,'Master Sheet'!$B:$AA,3,FALSE),"") -> LF-N1 Rear Lens Cap (Z-Series) | I82: =IFERROR(VLOOKUP($D82,'Master Sheet'!$B:$AA,2,FALSE),"") -> JMD00101 | J82: =IFERROR(VLOOKUP($D82,'Master Sheet'!$B:$AA,5,FALSE),"") -> 018208041824 | K82: =IFERROR(VLOOKUP($D82,'Master Sheet'!$B:$AA,8,FALSE),"") -> 107.955
D83: CAMNIACNC67 | G83: =IFERROR(VLOOKUP($D83,'Master Sheet'!$B:$AA,3,FALSE),"") -> 67MM FILTER NC NEUTRAL COLOUR | I83: =IFERROR(VLOOKUP($D83,'Master Sheet'!$B:$AA,2,FALSE),"") -> FTA13101 | J83: =IFERROR(VLOOKUP($D83,'Master Sheet'!$B:$AA,5,FALSE),"") -> 018208022885 | K83: =IFERROR(VLOOKUP($D83,'Master Sheet'!$B:$AA,8,FALSE),"") -> 863.955
D84: CAMNIACCPLII67 | G84: =IFERROR(VLOOKUP($D84,'Master Sheet'!$B:$AA,3,FALSE),"") -> 67MM FILTER C-PL II | I84: =IFERROR(VLOOKUP($D84,'Master Sheet'!$B:$AA,2,FALSE),"") -> FTA13201 | J84: =IFERROR(VLOOKUP($D84,'Master Sheet'!$B:$AA,5,FALSE),"") -> 018208022557 | K84: =IFERROR(VLOOKUP($D84,'Master Sheet'!$B:$AA,8,FALSE),"") -> 2798.955
G85: =IFERROR(VLOOKUP($D85,'Master Sheet'!$B:$AA,3,FALSE),"") | I85: =IFERROR(VLOOKUP($D85,'Master Sheet'!$B:$AA,2,FALSE),"") | J85: =IFERROR(VLOOKUP($D85,'Master Sheet'!$B:$AA,5,FALSE),"") | K85: =IFERROR(VLOOKUP($D85,'Master Sheet'!$B:$AA,8,FALSE),"")
D86: Z 70-200mm f/2.8 VR S Lens | I86: HB-92 LENS HOOD | J86: =IFERROR(VLOOKUP($D86,'Master Sheet'!$B:$AA,5,FALSE),"") | K86: =IFERROR(VLOOKUP($D86,'Master Sheet'!$B:$AA,8,FALSE),"")
D87: LENNIZ70-200F2.8 | G87: =IFERROR(VLOOKUP($D87,'Master Sheet'!$B:$AA,3,FALSE),"") -> Nikon NIKKOR Z 70-200mm f/2.8 VR S Lens | I87: =IFERROR(VLOOKUP($D87,'Master Sheet'!$B:$AA,2,FALSE),"") -> JMA709DA | J87: =IFERROR(VLOOKUP($D87,'Master Sheet'!$B:$AA,5,FALSE),"") -> 018208200917 | K87: =IFERROR(VLOOKUP($D87,'Master Sheet'!$B:$AA,8,FALSE),"") -> 44612.955
D88: CAMNIACILCLC77B | G88: =IFERROR(VLOOKUP($D88,'Master Sheet'!$B:$AA,3,FALSE),"") -> 77mm Z-Series Lens Cap | I88: =IFERROR(VLOOKUP($D88,'Master Sheet'!$B:$AA,2,FALSE),"") -> JMD00801 | J88: =IFERROR(VLOOKUP($D88,'Master Sheet'!$B:$AA,5,FALSE),"") -> 4960759902238 | K88: =IFERROR(VLOOKUP($D88,'Master Sheet'!$B:$AA,8,FALSE),"") -> 233.955
D89: CAMNIACILCLFN1 | G89: =IFERROR(VLOOKUP($D89,'Master Sheet'!$B:$AA,3,FALSE),"") -> LF-N1 Rear Lens Cap (Z-Series) | I89: =IFERROR(VLOOKUP($D89,'Master Sheet'!$B:$AA,2,FALSE),"") -> JMD00101 | J89: =IFERROR(VLOOKUP($D89,'Master Sheet'!$B:$AA,5,FALSE),"") -> 018208041824 | K89: =IFERROR(VLOOKUP($D89,'Master Sheet'!$B:$AA,8,FALSE),"") -> 107.955
D90: CAMNIACNC77 | G90: =IFERROR(VLOOKUP($D90,'Master Sheet'!$B:$AA,3,FALSE),"") -> 77MM FILTER NC NEUTRAL COLOUR | I90: =IFERROR(VLOOKUP($D90,'Master Sheet'!$B:$AA,2,FALSE),"") -> FTA60801 | J90: =IFERROR(VLOOKUP($D90,'Master Sheet'!$B:$AA,5,FALSE),"") -> 018208024827 | K90: =IFERROR(VLOOKUP($D90,'Master Sheet'!$B:$AA,8,FALSE),"") -> 1592.955
D91: CAMNIACCPLII77 | G91: =IFERROR(VLOOKUP($D91,'Master Sheet'!$B:$AA,3,FALSE),"") -> 77MM FILTER C-PL II | I91: =IFERROR(VLOOKUP($D91,'Master Sheet'!$B:$AA,2,FALSE),"") -> FTA61001 | J91: =IFERROR(VLOOKUP($D91,'Master Sheet'!$B:$AA,5,FALSE),"") -> 018208022601 | K91: =IFERROR(VLOOKUP($D91,'Master Sheet'!$B:$AA,8,FALSE),"") -> 3680.955
G92: =IFERROR(VLOOKUP($D92,'Master Sheet'!$B:$AA,3,FALSE),"") | I92: =IFERROR(VLOOKUP($D92,'Master Sheet'!$B:$AA,2,FALSE),"") | J92: =IFERROR(VLOOKUP($D92,'Master Sheet'!$B:$AA,5,FALSE),"") | K92: =IFERROR(VLOOKUP($D92,'Master Sheet'!$B:$AA,8,FALSE),"")
D93: Z 100-400mm F4.5-5.6 VRS Z Lens | I93: HB-103 LENS HOOD | K93: =IFERROR(VLOOKUP($D93,'Master Sheet'!$B:$AA,8,FALSE),"")
D94: LENNIZ100-400 | G94: =IFERROR(VLOOKUP($D94,'Master Sheet'!$B:$AA,3,FALSE),"") -> Nikon NIKKOR Z 100-400mm F4.5-5.6 VR S Lens | I94: =IFERROR(VLOOKUP($D94,'Master Sheet'!$B:$AA,2,FALSE),"") -> JMA716DA | J94: =IFERROR(VLOOKUP($D94,'Master Sheet'!$B:$AA,5,FALSE),"") -> 4960759911070 | K94: =IFERROR(VLOOKUP($D94,'Master Sheet'!$B:$AA,8,FALSE),"") -> 50876.955
D95: CAMNIACILCLC77B | G95: =IFERROR(VLOOKUP($D95,'Master Sheet'!$B:$AA,3,FALSE),"") -> 77mm Z-Series Lens Cap | I95: =IFERROR(VLOOKUP($D95,'Master Sheet'!$B:$AA,2,FALSE),"") -> JMD00801 | J95: =IFERROR(VLOOKUP($D95,'Master Sheet'!$B:$AA,5,FALSE),"") -> 4960759902238 | K95: =IFERROR(VLOOKUP($D95,'Master Sheet'!$B:$AA,8,FALSE),"") -> 233.955
D96: CAMNIACILCLFN1 | G96: =IFERROR(VLOOKUP($D96,'Master Sheet'!$B:$AA,3,FALSE),"") -> LF-N1 Rear Lens Cap (Z-Series) | I96: =IFERROR(VLOOKUP($D96,'Master Sheet'!$B:$AA,2,FALSE),"") -> JMD00101 | J96: =IFERROR(VLOOKUP($D96,'Master Sheet'!$B:$AA,5,FALSE),"") -> 018208041824 | K96: =IFERROR(VLOOKUP($D96,'Master Sheet'!$B:$AA,8,FALSE),"") -> 107.955
D97: CAMNIACNC77 | G97: =IFERROR(VLOOKUP($D97,'Master Sheet'!$B:$AA,3,FALSE),"") -> 77MM FILTER NC NEUTRAL COLOUR | I97: =IFERROR(VLOOKUP($D97,'Master Sheet'!$B:$AA,2,FALSE),"") -> FTA60801 | J97: =IFERROR(VLOOKUP($D97,'Master Sheet'!$B:$AA,5,FALSE),"") -> 018208024827 | K97: =IFERROR(VLOOKUP($D97,'Master Sheet'!$B:$AA,8,FALSE),"") -> 1592.955
D98: CAMNIACCPLII77 | G98: =IFERROR(VLOOKUP($D98,'Master Sheet'!$B:$AA,3,FALSE),"") -> 77MM FILTER C-PL II | I98: =IFERROR(VLOOKUP($D98,'Master Sheet'!$B:$AA,2,FALSE),"") -> FTA61001 | J98: =IFERROR(VLOOKUP($D98,'Master Sheet'!$B:$AA,5,FALSE),"") -> 018208022601 | K98: =IFERROR(VLOOKUP($D98,'Master Sheet'!$B:$AA,8,FALSE),"") -> 3680.955
G99: =IFERROR(VLOOKUP($D99,'Master Sheet'!$B:$AA,3,FALSE),"") | I99: =IFERROR(VLOOKUP($D99,'Master Sheet'!$B:$AA,2,FALSE),"") | J99: =IFERROR(VLOOKUP($D99,'Master Sheet'!$B:$AA,5,FALSE),"") | K99: =IFERROR(VLOOKUP($D99,'Master Sheet'!$B:$AA,8,FALSE),"")
D100: Z 180-600mm f/5.6-6.3 VR Lens | G100: =IFERROR(VLOOKUP($D100,'Master Sheet'!$B:$AA,3,FALSE),"") | I100: HB-109 LENS HOOD | K100: =IFERROR(VLOOKUP($D100,'Master Sheet'!$B:$AA,8,FALSE),"")
D101: LENNIZ180-600 | G101: =IFERROR(VLOOKUP($D101,'Master Sheet'!$B:$AA,3,FALSE),"") -> Nikon NIKKOR Z 180-600mm f/5.6-6.3 VR Lens | I101: =IFERROR(VLOOKUP($D101,'Master Sheet'!$B:$AA,2,FALSE),"") -> JMA720DA | J101: =IFERROR(VLOOKUP($D101,'Master Sheet'!$B:$AA,5,FALSE),"") -> 018208201174 | K101: =IFERROR(VLOOKUP($D101,'Master Sheet'!$B:$AA,8,FALSE),"") -> 33650.955
D102: CAMNIACILCLC95B | G102: =IFERROR(VLOOKUP($D102,'Master Sheet'!$B:$AA,3,FALSE),"") -> 95mm Z-Series Lens Cap | I102: =IFERROR(VLOOKUP($D102,'Master Sheet'!$B:$AA,2,FALSE),"") -> JMD01601 | J102: =IFERROR(VLOOKUP($D102,'Master Sheet'!$B:$AA,5,FALSE),"") -> 018208042715 | K102: =IFERROR(VLOOKUP($D102,'Master Sheet'!$B:$AA,8,FALSE),"") -> 359.955
D103: CAMNIACILCLFN1 | G103: =IFERROR(VLOOKUP($D103,'Master Sheet'!$B:$AA,3,FALSE),"") -> LF-N1 Rear Lens Cap (Z-Series) | I103: =IFERROR(VLOOKUP($D103,'Master Sheet'!$B:$AA,2,FALSE),"") -> JMD00101 | J103: =IFERROR(VLOOKUP($D103,'Master Sheet'!$B:$AA,5,FALSE),"") -> 018208041824 | K103: =IFERROR(VLOOKUP($D103,'Master Sheet'!$B:$AA,8,FALSE),"") -> 107.955
D104: CAMNIACNC95 | G104: =IFERROR(VLOOKUP($D104,'Master Sheet'!$B:$AA,3,FALSE),"") -> 95MM FILTER NC NEUTRAL COLOUR | I104: =IFERROR(VLOOKUP($D104,'Master Sheet'!$B:$AA,2,FALSE),"") -> FTA70601 | J104: =IFERROR(VLOOKUP($D104,'Master Sheet'!$B:$AA,5,FALSE),"") -> 018208025084 | K104: =IFERROR(VLOOKUP($D104,'Master Sheet'!$B:$AA,8,FALSE),"") -> 3176.955
D105: CAMNIACCPLII95 | G105: =IFERROR(VLOOKUP($D105,'Master Sheet'!$B:$AA,3,FALSE),"") -> 95MM FILTER C-PL II | I105: =IFERROR(VLOOKUP($D105,'Master Sheet'!$B:$AA,2,FALSE),"") -> FTA70701 | J105: =IFERROR(VLOOKUP($D105,'Master Sheet'!$B:$AA,5,FALSE),"") -> 018208025091 | K105: =IFERROR(VLOOKUP($D105,'Master Sheet'!$B:$AA,8,FALSE),"") -> 8477.955
G106: =IFERROR(VLOOKUP($D106,'Master Sheet'!$B:$AA,3,FALSE),"") | I106: =IFERROR(VLOOKUP($D106,'Master Sheet'!$B:$AA,2,FALSE),"") | J106: =IFERROR(VLOOKUP($D106,'Master Sheet'!$B:$AA,5,FALSE),"") | K106: =IFERROR(VLOOKUP($D106,'Master Sheet'!$B:$AA,8,FALSE),"")
G107: =IFERROR(VLOOKUP($D107,'Master Sheet'!$B:$AA,3,FALSE),"") | I107: =IFERROR(VLOOKUP($D107,'Master Sheet'!$B:$AA,2,FALSE),"") | J107: =IFERROR(VLOOKUP($D107,'Master Sheet'!$B:$AA,5,FALSE),"") | K107: =IFERROR(VLOOKUP($D107,'Master Sheet'!$B:$AA,8,FALSE),"")

Sheet Z Lenses - Converters
C18: Order Code | G18: Details | I18: Product Code | J18: Barcode | K18: Dealer (Export)
D20: Z 1.4x Tele Converter
D21: LENNIZTC14 | G21: =IFERROR(VLOOKUP($D21,'Master Sheet'!$B:$AA,3,FALSE),"") -> Nikon NIKKOR Z 1.4x Tele Converter | I21: =IFERROR(VLOOKUP($D21,'Master Sheet'!$B:$AA,2,FALSE),"") -> JMA903DA | J21: =IFERROR(VLOOKUP($D21,'Master Sheet'!$B:$AA,5,FALSE),"") -> 018208200986 | K21: =IFERROR(VLOOKUP($D21,'Master Sheet'!$B:$AA,8,FALSE),"") -> 10961.955
D22: CAMNIACBFN2 | G22: =IFERROR(VLOOKUP($D22,'Master Sheet'!$B:$AA,3,FALSE),"") -> BF-N2 Teleconverter Cap (Z-Series) | I22: =IFERROR(VLOOKUP($D22,'Master Sheet'!$B:$AA,2,FALSE),"") -> JMD01201 | J22: =IFERROR(VLOOKUP($D22,'Master Sheet'!$B:$AA,5,FALSE),"") -> 018208042500 | K22: =IFERROR(VLOOKUP($D22,'Master Sheet'!$B:$AA,8,FALSE),"") -> 125.955
D23: CAMNIACILCLFN1 | G23: =IFERROR(VLOOKUP($D23,'Master Sheet'!$B:$AA,3,FALSE),"") -> LF-N1 Rear Lens Cap (Z-Series) | I23: =IFERROR(VLOOKUP($D23,'Master Sheet'!$B:$AA,2,FALSE),"") -> JMD00101 | J23: =IFERROR(VLOOKUP($D23,'Master Sheet'!$B:$AA,5,FALSE),"") -> 018208041824 | K23: =IFERROR(VLOOKUP($D23,'Master Sheet'!$B:$AA,8,FALSE),"") -> 107.955
G24: =IFERROR(VLOOKUP($D24,'Master Sheet'!$B:$AA,3,FALSE),"") | I24: =IFERROR(VLOOKUP($D24,'Master Sheet'!$B:$AA,2,FALSE),"") | J24: =IFERROR(VLOOKUP($D24,'Master Sheet'!$B:$AA,5,FALSE),"") | K24: =IFERROR(VLOOKUP($D24,'Master Sheet'!$B:$AA,8,FALSE),"")
D25: Z 2.0x Tele Converter | G25: =IFERROR(VLOOKUP($D25,'Master Sheet'!$B:$AA,3,FALSE),"") | I25: =IFERROR(VLOOKUP($D25,'Master Sheet'!$B:$AA,2,FALSE),"") | J25: =IFERROR(VLOOKUP($D25,'Master Sheet'!$B:$AA,5,FALSE),"") | K25: =IFERROR(VLOOKUP($D25,'Master Sheet'!$B:$AA,8,FALSE),"")
D26: LENNIZTC20 | G26: =IFERROR(VLOOKUP($D26,'Master Sheet'!$B:$AA,3,FALSE),"") -> Nikon NIKKOR Z 2.0x Tele Converter | I26: =IFERROR(VLOOKUP($D26,'Master Sheet'!$B:$AA,2,FALSE),"") -> JMA904DA | J26: =IFERROR(VLOOKUP($D26,'Master Sheet'!$B:$AA,5,FALSE),"") -> 018208200993 | K26: =IFERROR(VLOOKUP($D26,'Master Sheet'!$B:$AA,8,FALSE),"") -> 11744.955
D27: CAMNIACBFN2 | G27: =IFERROR(VLOOKUP($D27,'Master Sheet'!$B:$AA,3,FALSE),"") -> BF-N2 Teleconverter Cap (Z-Series) | I27: =IFERROR(VLOOKUP($D27,'Master Sheet'!$B:$AA,2,FALSE),"") -> JMD01201 | J27: =IFERROR(VLOOKUP($D27,'Master Sheet'!$B:$AA,5,FALSE),"") -> 018208042500 | K27: =IFERROR(VLOOKUP($D27,'Master Sheet'!$B:$AA,8,FALSE),"") -> 125.955
D28: CAMNIACILCLFN1 | G28: =IFERROR(VLOOKUP($D28,'Master Sheet'!$B:$AA,3,FALSE),"") -> LF-N1 Rear Lens Cap (Z-Series) | I28: =IFERROR(VLOOKUP($D28,'Master Sheet'!$B:$AA,2,FALSE),"") -> JMD00101 | J28: =IFERROR(VLOOKUP($D28,'Master Sheet'!$B:$AA,5,FALSE),"") -> 018208041824 | K28: =IFERROR(VLOOKUP($D28,'Master Sheet'!$B:$AA,8,FALSE),"") -> 107.955
G29: =IFERROR(VLOOKUP($D29,'Master Sheet'!$B:$AA,3,FALSE),"") | I29: =IFERROR(VLOOKUP($D29,'Master Sheet'!$B:$AA,2,FALSE),"") | J29: =IFERROR(VLOOKUP($D29,'Master Sheet'!$B:$AA,5,FALSE),"") | K29: =IFERROR(VLOOKUP($D29,'Master Sheet'!$B:$AA,8,FALSE),"")
G30: =IFERROR(VLOOKUP($D30,'Master Sheet'!$B:$AA,3,FALSE),"") | I30: =IFERROR(VLOOKUP($D30,'Master Sheet'!$B:$AA,2,FALSE),"") | J30: =IFERROR(VLOOKUP($D30,'Master Sheet'!$B:$AA,5,FALSE),"") | K30: =IFERROR(VLOOKUP($D30,'Master Sheet'!$B:$AA,8,FALSE),"")

Sheet Speedlights
G16: Speedlights
C18: Order Code | G18: Details | I18: Product Code | J18: Barcode | K18: Dealer (Export)
G20: SB-5000
D22: CAMNIACSB5000 | G22: =IFERROR(VLOOKUP($D22,'Master Sheet'!$B:$AA,3,FALSE),"") -> SB-5000 SPEEDLIGHT UNIT (GUIDE NR= 34.5/ 24-200MM COVERAGE) | I22: =IFERROR(VLOOKUP($D22,'Master Sheet'!$B:$AA,2,FALSE),"") -> FSA043AG | J22: =IFERROR(VLOOKUP($D22,'Master Sheet'!$B:$AA,5,FALSE),"") -> 018208950157 | K22: =IFERROR(VLOOKUP($D22,'Master Sheet'!$B:$AA,8,FALSE),"") -> 8999.955
D24: SB-5000 Accessories
D25: CAMNIACGREY | G25: =IFERROR(VLOOKUP($D25,'Master Sheet'!$B:$AA,3,FALSE),"") -> GREY CARD | I25: =IFERROR(VLOOKUP($D25,'Master Sheet'!$B:$AA,2,FALSE),"") -> FXA10064 | J25: =IFERROR(VLOOKUP($D25,'Master Sheet'!$B:$AA,5,FALSE),"") -> 018208027545 | K25: =IFERROR(VLOOKUP($D25,'Master Sheet'!$B:$AA,8,FALSE),"") -> 179.955
D26: CAMNIACSC28 | G26: =IFERROR(VLOOKUP($D26,'Master Sheet'!$B:$AA,3,FALSE),"") -> SC-28 TTL SENSOR REMOTE CORD | I26: =IFERROR(VLOOKUP($D26,'Master Sheet'!$B:$AA,2,FALSE),"") -> FSG02601 | J26: =IFERROR(VLOOKUP($D26,'Master Sheet'!$B:$AA,5,FALSE),"") -> 018208047659 | K26: =IFERROR(VLOOKUP($D26,'Master Sheet'!$B:$AA,8,FALSE),"") -> 1475.955
D27: CAMNIACSC29 | G27: =IFERROR(VLOOKUP($D27,'Master Sheet'!$B:$AA,3,FALSE),"") -> SC-29 TTL SENSOR REMOTE CORD ( WITH AF ASSIST) | I27: =IFERROR(VLOOKUP($D27,'Master Sheet'!$B:$AA,2,FALSE),"") -> FSG02701 | J27: =IFERROR(VLOOKUP($D27,'Master Sheet'!$B:$AA,5,FALSE),"") -> 018208047666 | K27: =IFERROR(VLOOKUP($D27,'Master Sheet'!$B:$AA,8,FALSE),"") -> 1970.955
D28: CAMNIACSSSD9 | G28: =IFERROR(VLOOKUP($D28,'Master Sheet'!$B:$AA,3,FALSE),"") -> SOFT CASE SS-SD9 POWER PACK | I28: =IFERROR(VLOOKUP($D28,'Master Sheet'!$B:$AA,2,FALSE),"") -> FSW54701 | J28: =IFERROR(VLOOKUP($D28,'Master Sheet'!$B:$AA,5,FALSE),"") -> 018208049547 | K28: =IFERROR(VLOOKUP($D28,'Master Sheet'!$B:$AA,8,FALSE),"") -> 431.955
D29: CAMNIACSW15H | G29: =IFERROR(VLOOKUP($D29,'Master Sheet'!$B:$AA,3,FALSE),"") -> SW-15H DIFFUSION DOME (SB-5000) | I29: =IFERROR(VLOOKUP($D29,'Master Sheet'!$B:$AA,2,FALSE),"") -> FSW90501 | J29: =IFERROR(VLOOKUP($D29,'Master Sheet'!$B:$AA,5,FALSE),"") -> 18208041657 | K29: =IFERROR(VLOOKUP($D29,'Master Sheet'!$B:$AA,8,FALSE),"") -> 269.955
D30: CAMNIACWRA10 | G30: =IFERROR(VLOOKUP($D30,'Master Sheet'!$B:$AA,3,FALSE),"") -> WR-A10 ADAPTER- Required for D4/D4S/D3/D3X/D2XS/D700/D300/D200 to use WR-R10 & WR-T10 | I30: =IFERROR(VLOOKUP($D30,'Master Sheet'!$B:$AA,2,FALSE),"") -> VWD00701 | J30: =IFERROR(VLOOKUP($D30,'Master Sheet'!$B:$AA,5,FALSE),"") -> 018208271030 | K30: =IFERROR(VLOOKUP($D30,'Master Sheet'!$B:$AA,8,FALSE),"") -> 1106.955
G33: SB-700
D35: CAMNIACSB700 | G35: =IFERROR(VLOOKUP($D35,'Master Sheet'!$B:$AA,3,FALSE),"") -> SB-700 SPEEDLIGHT UNIT (GUIDE NR= 28/ 24-120MM COVERAGE) | I35: =IFERROR(VLOOKUP($D35,'Master Sheet'!$B:$AA,2,FALSE),"") -> FSA03901 | J35: =IFERROR(VLOOKUP($D35,'Master Sheet'!$B:$AA,5,FALSE),"") -> 018208048083 | K35: =IFERROR(VLOOKUP($D35,'Master Sheet'!$B:$AA,8,FALSE),"") -> 6101.955
D37: SB-700 Accessories
D38: CAMNIACGREY | G38: =IFERROR(VLOOKUP($D38,'Master Sheet'!$B:$AA,3,FALSE),"") -> GREY CARD | I38: =IFERROR(VLOOKUP($D38,'Master Sheet'!$B:$AA,2,FALSE),"") -> FXA10064 | J38: =IFERROR(VLOOKUP($D38,'Master Sheet'!$B:$AA,5,FALSE),"") -> 018208027545 | K38: =IFERROR(VLOOKUP($D38,'Master Sheet'!$B:$AA,8,FALSE),"") -> 179.955
D39: CAMNIACSC28 | G39: =IFERROR(VLOOKUP($D39,'Master Sheet'!$B:$AA,3,FALSE),"") -> SC-28 TTL SENSOR REMOTE CORD | I39: =IFERROR(VLOOKUP($D39,'Master Sheet'!$B:$AA,2,FALSE),"") -> FSG02601 | J39: =IFERROR(VLOOKUP($D39,'Master Sheet'!$B:$AA,5,FALSE),"") -> 018208047659 | K39: =IFERROR(VLOOKUP($D39,'Master Sheet'!$B:$AA,8,FALSE),"") -> 1475.955
D40: CAMNIACSC29 | G40: =IFERROR(VLOOKUP($D40,'Master Sheet'!$B:$AA,3,FALSE),"") -> SC-29 TTL SENSOR REMOTE CORD ( WITH AF ASSIST) | I40: =IFERROR(VLOOKUP($D40,'Master Sheet'!$B:$AA,2,FALSE),"") -> FSG02701 | J40: =IFERROR(VLOOKUP($D40,'Master Sheet'!$B:$AA,5,FALSE),"") -> 018208047666 | K40: =IFERROR(VLOOKUP($D40,'Master Sheet'!$B:$AA,8,FALSE),"") -> 1970.955
D41: CAMNIACSJ4 | G41: =IFERROR(VLOOKUP($D41,'Master Sheet'!$B:$AA,3,FALSE),"") -> SJ-4 COLOR FILTER SET (SB-700) | I41: =IFERROR(VLOOKUP($D41,'Master Sheet'!$B:$AA,2,FALSE),"") -> FSW54801 | J41: =IFERROR(VLOOKUP($D41,'Master Sheet'!$B:$AA,5,FALSE),"") -> 018208049677 | K41: =IFERROR(VLOOKUP($D41,'Master Sheet'!$B:$AA,8,FALSE),"") -> 494.955
D42: CAMNIACSS700 | G42: =IFERROR(VLOOKUP($D42,'Master Sheet'!$B:$AA,3,FALSE),"") -> SOFT CASE SS-700 ( SB-700) | I42: =IFERROR(VLOOKUP($D42,'Master Sheet'!$B:$AA,2,FALSE),"") -> FXA10375 | J42: =IFERROR(VLOOKUP($D42,'Master Sheet'!$B:$AA,5,FALSE),"") -> 018208049646 | K42: =IFERROR(VLOOKUP($D42,'Master Sheet'!$B:$AA,8,FALSE),"") -> 629.955
D43: CAMNIACSZ3 | G43: =IFERROR(VLOOKUP($D43,'Master Sheet'!$B:$AA,3,FALSE),"") -> SZ-3 COLOR FILTER HOLDER (SB-700) | I43: =IFERROR(VLOOKUP($D43,'Master Sheet'!$B:$AA,2,FALSE),"") -> FXA10380 | J43: =IFERROR(VLOOKUP($D43,'Master Sheet'!$B:$AA,5,FALSE),"") -> 018208049745 | K43: =IFERROR(VLOOKUP($D43,'Master Sheet'!$B:$AA,8,FALSE),"") -> 251.955
G44: =IFERROR(VLOOKUP($D44,'Master Sheet'!$B:$AA,3,FALSE),"") | I44: =IFERROR(VLOOKUP($D44,'Master Sheet'!$B:$AA,2,FALSE),"") | J44: =IFERROR(VLOOKUP($D44,'Master Sheet'!$B:$AA,5,FALSE),"") | K44: =IFERROR(VLOOKUP($D44,'Master Sheet'!$B:$AA,8,FALSE),"")
G46: SB-500
D48: CAMNIACSB500 | G48: =IFERROR(VLOOKUP($D48,'Master Sheet'!$B:$AA,3,FALSE),"") -> SB-500 SPEEDLIGHT UNIT (GUIDE NR= 24/ 24MM COVERAGE) | I48: =IFERROR(VLOOKUP($D48,'Master Sheet'!$B:$AA,2,FALSE),"") -> FSA04201 | J48: =IFERROR(VLOOKUP($D48,'Master Sheet'!$B:$AA,5,FALSE),"") -> 018208048144 | K48: =IFERROR(VLOOKUP($D48,'Master Sheet'!$B:$AA,8,FALSE),"") -> 4463.955
D50: SB-500 Accessories
D51: CAMNIACGREY | G51: =IFERROR(VLOOKUP($D51,'Master Sheet'!$B:$AA,3,FALSE),"") -> GREY CARD | I51: =IFERROR(VLOOKUP($D51,'Master Sheet'!$B:$AA,2,FALSE),"") -> FXA10064 | J51: =IFERROR(VLOOKUP($D51,'Master Sheet'!$B:$AA,5,FALSE),"") -> 018208027545 | K51: =IFERROR(VLOOKUP($D51,'Master Sheet'!$B:$AA,8,FALSE),"") -> 179.955
D52: CAMNIACSC28 | G52: =IFERROR(VLOOKUP($D52,'Master Sheet'!$B:$AA,3,FALSE),"") -> SC-28 TTL SENSOR REMOTE CORD | I52: =IFERROR(VLOOKUP($D52,'Master Sheet'!$B:$AA,2,FALSE),"") -> FSG02601 | J52: =IFERROR(VLOOKUP($D52,'Master Sheet'!$B:$AA,5,FALSE),"") -> 018208047659 | K52: =IFERROR(VLOOKUP($D52,'Master Sheet'!$B:$AA,8,FALSE),"") -> 1475.955
D53: CAMNIACSC29 | G53: =IFERROR(VLOOKUP($D53,'Master Sheet'!$B:$AA,3,FALSE),"") -> SC-29 TTL SENSOR REMOTE CORD ( WITH AF ASSIST) | I53: =IFERROR(VLOOKUP($D53,'Master Sheet'!$B:$AA,2,FALSE),"") -> FSG02701 | J53: =IFERROR(VLOOKUP($D53,'Master Sheet'!$B:$AA,5,FALSE),"") -> 018208047666 | K53: =IFERROR(VLOOKUP($D53,'Master Sheet'!$B:$AA,8,FALSE),"") -> 1970.955
G54: =IFERROR(VLOOKUP($D54,'Master Sheet'!$B:$AA,3,FALSE),"") | I54: =IFERROR(VLOOKUP($D54,'Master Sheet'!$B:$AA,2,FALSE),"") | J54: =IFERROR(VLOOKUP($D54,'Master Sheet'!$B:$AA,5,FALSE),"") | K54: =IFERROR(VLOOKUP($D54,'Master Sheet'!$B:$AA,8,FALSE),"")
G55: =IFERROR(VLOOKUP($D55,'Master Sheet'!$B:$AA,3,FALSE),"") | I55: =IFERROR(VLOOKUP($D55,'Master Sheet'!$B:$AA,2,FALSE),"") | J55: =IFERROR(VLOOKUP($D55,'Master Sheet'!$B:$AA,5,FALSE),"") | K55: =IFERROR(VLOOKUP($D55,'Master Sheet'!$B:$AA,8,FALSE),"")
G56: Speedlight System
C58: Order Code | G58: Details | I58: Product Code | J58: Barcode | K58: Dealer (Excl VAT)
G60: R1 Wireless Close-Up Speedlight
D62: CAMNIACR1 | G62: =IFERROR(VLOOKUP($D62,'Master Sheet'!$B:$AA,3,FALSE),"") -> CLOSE-UP SPEEDLIGHT REMOTE KIT R1 (Included 2 x SB-R200) | I62: =IFERROR(VLOOKUP($D62,'Master Sheet'!$B:$AA,2,FALSE),"") -> FSA906BA | J62: =IFERROR(VLOOKUP($D62,'Master Sheet'!$B:$AA,5,FALSE),"") -> 018208048045 | K62: =IFERROR(VLOOKUP($D62,'Master Sheet'!$B:$AA,8,FALSE),"") -> 15218.955
D64: R1 Wireless Close-Up Speedlight Accessories
D65: CAMNIACGREY | G65: =IFERROR(VLOOKUP($D65,'Master Sheet'!$B:$AA,3,FALSE),"") -> GREY CARD | I65: =IFERROR(VLOOKUP($D65,'Master Sheet'!$B:$AA,2,FALSE),"") -> FXA10064 | J65: =IFERROR(VLOOKUP($D65,'Master Sheet'!$B:$AA,5,FALSE),"") -> 018208027545 | K65: =IFERROR(VLOOKUP($D65,'Master Sheet'!$B:$AA,8,FALSE),"") -> 179.955
D66: CAMNIACSG31R | G66: =IFERROR(VLOOKUP($D66,'Master Sheet'!$B:$AA,3,FALSE),"") -> SG-31R IR PANEL FOR BUILT -IN FLASH | I66: =IFERROR(VLOOKUP($D66,'Master Sheet'!$B:$AA,2,FALSE),"") -> FXA10358 | J66: =IFERROR(VLOOKUP($D66,'Master Sheet'!$B:$AA,5,FALSE),"") -> 018208049059 | K66: =IFERROR(VLOOKUP($D66,'Master Sheet'!$B:$AA,8,FALSE),"") -> 233.955
D67: CAMNIACSJ2 | G67: =IFERROR(VLOOKUP($D67,'Master Sheet'!$B:$AA,3,FALSE),"") -> SJ-2 COLOR FILTER SET (SB-R200/R1/R1C1) | I67: =IFERROR(VLOOKUP($D67,'Master Sheet'!$B:$AA,2,FALSE),"") -> FSW54001 | J67: =IFERROR(VLOOKUP($D67,'Master Sheet'!$B:$AA,5,FALSE),"") -> 018208049134 | K67: =IFERROR(VLOOKUP($D67,'Master Sheet'!$B:$AA,8,FALSE),"") -> 449.955
D68: CAMNIACSSSU800 | G68: =IFERROR(VLOOKUP($D68,'Master Sheet'!$B:$AA,3,FALSE),"") -> SOFT CASE SS-SU800 | I68: =IFERROR(VLOOKUP($D68,'Master Sheet'!$B:$AA,2,FALSE),"") -> FXA10360 | J68: =IFERROR(VLOOKUP($D68,'Master Sheet'!$B:$AA,5,FALSE),"") -> 018208049080 | K68: =IFERROR(VLOOKUP($D68,'Master Sheet'!$B:$AA,8,FALSE),"") -> 188.955
D69: CAMNIACSW12 | G69: =IFERROR(VLOOKUP($D69,'Master Sheet'!$B:$AA,3,FALSE),"") -> SW-12 DIFFUSER (SB600/SB-R200/R1/R1C1) | I69: =IFERROR(VLOOKUP($D69,'Master Sheet'!$B:$AA,2,FALSE),"") -> FXA10364 | J69: =IFERROR(VLOOKUP($D69,'Master Sheet'!$B:$AA,5,FALSE),"") -> 018208049073 | K69: =IFERROR(VLOOKUP($D69,'Master Sheet'!$B:$AA,8,FALSE),"") -> 242.955
D70: CAMNIACSWC1 | G70: =IFERROR(VLOOKUP($D70,'Master Sheet'!$B:$AA,3,FALSE),"") -> FLEXIBLE ARM CLIP SW-C1 | I70: =IFERROR(VLOOKUP($D70,'Master Sheet'!$B:$AA,2,FALSE),"") -> FXA10362 | J70: =IFERROR(VLOOKUP($D70,'Master Sheet'!$B:$AA,5,FALSE),"") -> 018208049066 | K70: =IFERROR(VLOOKUP($D70,'Master Sheet'!$B:$AA,8,FALSE),"") -> 719.955
D71: CAMNIACSY167 | G71: =IFERROR(VLOOKUP($D71,'Master Sheet'!$B:$AA,3,FALSE),"") -> ADAPTER RING SY-1-67 | I71: =IFERROR(VLOOKUP($D71,'Master Sheet'!$B:$AA,2,FALSE),"") -> FXA10368 | J71: =IFERROR(VLOOKUP($D71,'Master Sheet'!$B:$AA,5,FALSE),"") -> 018208047994 | K71: =IFERROR(VLOOKUP($D71,'Master Sheet'!$B:$AA,8,FALSE),"") -> 431.955
D72: CAMNIACSZ1 | G72: =IFERROR(VLOOKUP($D72,'Master Sheet'!$B:$AA,3,FALSE),"") -> SZ-1 COLOR FILTER HOLDER (SB-R200/R1/R1C1) | I72: =IFERROR(VLOOKUP($D72,'Master Sheet'!$B:$AA,2,FALSE),"") -> FXA10357 | J72: =IFERROR(VLOOKUP($D72,'Master Sheet'!$B:$AA,5,FALSE),"") -> 018208049042 | K72: =IFERROR(VLOOKUP($D72,'Master Sheet'!$B:$AA,8,FALSE),"") -> 134.955
G73: =IFERROR(VLOOKUP($D73,'Master Sheet'!$B:$AA,3,FALSE),"") | I73: =IFERROR(VLOOKUP($D73,'Master Sheet'!$B:$AA,2,FALSE),"") | J73: =IFERROR(VLOOKUP($D73,'Master Sheet'!$B:$AA,5,FALSE),"") | K73: =IFERROR(VLOOKUP($D73,'Master Sheet'!$B:$AA,8,FALSE),"")
G75: R1C1 Wireless Close-Up Speedlight
D77: CAMNIACR1C1 | G77: =IFERROR(VLOOKUP($D77,'Master Sheet'!$B:$AA,3,FALSE),"") -> CLOSE-UP SPEEDLIGHT COMMANDER KIT R1C1 (Includes 2X SB-R200 + SU-800) | I77: =IFERROR(VLOOKUP($D77,'Master Sheet'!$B:$AA,2,FALSE),"") -> FSA906CA | J77: =IFERROR(VLOOKUP($D77,'Master Sheet'!$B:$AA,5,FALSE),"") -> 018208048038 | K77: =IFERROR(VLOOKUP($D77,'Master Sheet'!$B:$AA,8,FALSE),"") -> 18296.955
D79: R1C1 Wireless Close-Up Speedlight System Accessories
D80: CAMNIACGREY | G80: =IFERROR(VLOOKUP($D80,'Master Sheet'!$B:$AA,3,FALSE),"") -> GREY CARD | I80: =IFERROR(VLOOKUP($D80,'Master Sheet'!$B:$AA,2,FALSE),"") -> FXA10064 | J80: =IFERROR(VLOOKUP($D80,'Master Sheet'!$B:$AA,5,FALSE),"") -> 018208027545 | K80: =IFERROR(VLOOKUP($D80,'Master Sheet'!$B:$AA,8,FALSE),"") -> 179.955
D81: CAMNIACSG31R | G81: =IFERROR(VLOOKUP($D81,'Master Sheet'!$B:$AA,3,FALSE),"") -> SG-31R IR PANEL FOR BUILT -IN FLASH | I81: =IFERROR(VLOOKUP($D81,'Master Sheet'!$B:$AA,2,FALSE),"") -> FXA10358 | J81: =IFERROR(VLOOKUP($D81,'Master Sheet'!$B:$AA,5,FALSE),"") -> 018208049059 | K81: =IFERROR(VLOOKUP($D81,'Master Sheet'!$B:$AA,8,FALSE),"") -> 233.955
D82: CAMNIACSJ2 | G82: =IFERROR(VLOOKUP($D82,'Master Sheet'!$B:$AA,3,FALSE),"") -> SJ-2 COLOR FILTER SET (SB-R200/R1/R1C1) | I82: =IFERROR(VLOOKUP($D82,'Master Sheet'!$B:$AA,2,FALSE),"") -> FSW54001 | J82: =IFERROR(VLOOKUP($D82,'Master Sheet'!$B:$AA,5,FALSE),"") -> 018208049134 | K82: =IFERROR(VLOOKUP($D82,'Master Sheet'!$B:$AA,8,FALSE),"") -> 449.955
D83: CAMNIACSSSU800 | G83: =IFERROR(VLOOKUP($D83,'Master Sheet'!$B:$AA,3,FALSE),"") -> SOFT CASE SS-SU800 | I83: =IFERROR(VLOOKUP($D83,'Master Sheet'!$B:$AA,2,FALSE),"") -> FXA10360 | J83: =IFERROR(VLOOKUP($D83,'Master Sheet'!$B:$AA,5,FALSE),"") -> 018208049080 | K83: =IFERROR(VLOOKUP($D83,'Master Sheet'!$B:$AA,8,FALSE),"") -> 188.955
D84: CAMNIACSW12 | G84: =IFERROR(VLOOKUP($D84,'Master Sheet'!$B:$AA,3,FALSE),"") -> SW-12 DIFFUSER (SB600/SB-R200/R1/R1C1) | I84: =IFERROR(VLOOKUP($D84,'Master Sheet'!$B:$AA,2,FALSE),"") -> FXA10364 | J84: =IFERROR(VLOOKUP($D84,'Master Sheet'!$B:$AA,5,FALSE),"") -> 018208049073 | K84: =IFERROR(VLOOKUP($D84,'Master Sheet'!$B:$AA,8,FALSE),"") -> 242.955
D85: CAMNIACSY167 | G85: =IFERROR(VLOOKUP($D85,'Master Sheet'!$B:$AA,3,FALSE),"") -> ADAPTER RING SY-1-67 | I85: =IFERROR(VLOOKUP($D85,'Master Sheet'!$B:$AA,2,FALSE),"") -> FXA10368 | J85: =IFERROR(VLOOKUP($D85,'Master Sheet'!$B:$AA,5,FALSE),"") -> 018208047994 | K85: =IFERROR(VLOOKUP($D85,'Master Sheet'!$B:$AA,8,FALSE),"") -> 431.955
D86: CAMNIACSZ1 | G86: =IFERROR(VLOOKUP($D86,'Master Sheet'!$B:$AA,3,FALSE),"") -> SZ-1 COLOR FILTER HOLDER (SB-R200/R1/R1C1) | I86: =IFERROR(VLOOKUP($D86,'Master Sheet'!$B:$AA,2,FALSE),"") -> FXA10357 | J86: =IFERROR(VLOOKUP($D86,'Master Sheet'!$B:$AA,5,FALSE),"") -> 018208049042 | K86: =IFERROR(VLOOKUP($D86,'Master Sheet'!$B:$AA,8,FALSE),"") -> 134.955
G87: =IFERROR(VLOOKUP($D87,'Master Sheet'!$B:$AA,3,FALSE),"") | I87: =IFERROR(VLOOKUP($D87,'Master Sheet'!$B:$AA,2,FALSE),"") | J87: =IFERROR(VLOOKUP($D87,'Master Sheet'!$B:$AA,5,FALSE),"") | K87: =IFERROR(VLOOKUP($D87,'Master Sheet'!$B:$AA,8,FALSE),"")
G89: SB-R200 Wireless Speedlight
D91: CAMNIACSBR200 | G91: =IFERROR(VLOOKUP($D91,'Master Sheet'!$B:$AA,3,FALSE),"") -> SB-R200 WIRELESS REMOTE SPEEDLIGHT | I91: =IFERROR(VLOOKUP($D91,'Master Sheet'!$B:$AA,2,FALSE),"") -> FSA90601 | J91: =IFERROR(VLOOKUP($D91,'Master Sheet'!$B:$AA,5,FALSE),"") -> 018208048052 | K91: =IFERROR(VLOOKUP($D91,'Master Sheet'!$B:$AA,8,FALSE),"") -> 4913.955
D93: SB-R200 Wireless Speedlight Accessories
D94: CAMNIACGREY | G94: =IFERROR(VLOOKUP($D94,'Master Sheet'!$B:$AA,3,FALSE),"") -> GREY CARD | I94: =IFERROR(VLOOKUP($D94,'Master Sheet'!$B:$AA,2,FALSE),"") -> FXA10064 | J94: =IFERROR(VLOOKUP($D94,'Master Sheet'!$B:$AA,5,FALSE),"") -> 018208027545 | K94: =IFERROR(VLOOKUP($D94,'Master Sheet'!$B:$AA,8,FALSE),"") -> 179.955
D95: CAMNIACSC28 | G95: =IFERROR(VLOOKUP($D95,'Master Sheet'!$B:$AA,3,FALSE),"") -> SC-28 TTL SENSOR REMOTE CORD | I95: =IFERROR(VLOOKUP($D95,'Master Sheet'!$B:$AA,2,FALSE),"") -> FSG02601 | J95: =IFERROR(VLOOKUP($D95,'Master Sheet'!$B:$AA,5,FALSE),"") -> 018208047659 | K95: =IFERROR(VLOOKUP($D95,'Master Sheet'!$B:$AA,8,FALSE),"") -> 1475.955
D96: CAMNIACSC29 | G96: =IFERROR(VLOOKUP($D96,'Master Sheet'!$B:$AA,3,FALSE),"") -> SC-29 TTL SENSOR REMOTE CORD ( WITH AF ASSIST) | I96: =IFERROR(VLOOKUP($D96,'Master Sheet'!$B:$AA,2,FALSE),"") -> FSG02701 | J96: =IFERROR(VLOOKUP($D96,'Master Sheet'!$B:$AA,5,FALSE),"") -> 018208047666 | K96: =IFERROR(VLOOKUP($D96,'Master Sheet'!$B:$AA,8,FALSE),"") -> 1970.955
D97: CAMNIACSJ2 | G97: =IFERROR(VLOOKUP($D97,'Master Sheet'!$B:$AA,3,FALSE),"") -> SJ-2 COLOR FILTER SET (SB-R200/R1/R1C1) | I97: =IFERROR(VLOOKUP($D97,'Master Sheet'!$B:$AA,2,FALSE),"") -> FSW54001 | J97: =IFERROR(VLOOKUP($D97,'Master Sheet'!$B:$AA,5,FALSE),"") -> 018208049134 | K97: =IFERROR(VLOOKUP($D97,'Master Sheet'!$B:$AA,8,FALSE),"") -> 449.955
D98: CAMNIACSW12 | G98: =IFERROR(VLOOKUP($D98,'Master Sheet'!$B:$AA,3,FALSE),"") -> SW-12 DIFFUSER (SB600/SB-R200/R1/R1C1) | I98: =IFERROR(VLOOKUP($D98,'Master Sheet'!$B:$AA,2,FALSE),"") -> FXA10364 | J98: =IFERROR(VLOOKUP($D98,'Master Sheet'!$B:$AA,5,FALSE),"") -> 018208049073 | K98: =IFERROR(VLOOKUP($D98,'Master Sheet'!$B:$AA,8,FALSE),"") -> 242.955
D99: CAMNIACSZ1 | G99: =IFERROR(VLOOKUP($D99,'Master Sheet'!$B:$AA,3,FALSE),"") -> SZ-1 COLOR FILTER HOLDER (SB-R200/R1/R1C1) | I99: =IFERROR(VLOOKUP($D99,'Master Sheet'!$B:$AA,2,FALSE),"") -> FXA10357 | J99: =IFERROR(VLOOKUP($D99,'Master Sheet'!$B:$AA,5,FALSE),"") -> 018208049042 | K99: =IFERROR(VLOOKUP($D99,'Master Sheet'!$B:$AA,8,FALSE),"") -> 134.955
G100: =IFERROR(VLOOKUP($D100,'Master Sheet'!$B:$AA,3,FALSE),"") | I100: =IFERROR(VLOOKUP($D100,'Master Sheet'!$B:$AA,2,FALSE),"") | J100: =IFERROR(VLOOKUP($D100,'Master Sheet'!$B:$AA,5,FALSE),"") | K100: =IFERROR(VLOOKUP($D100,'Master Sheet'!$B:$AA,8,FALSE),"")
G102: SU-800 Wireless Speedlight Commander
D104: CAMNIACSU800 | G104: =IFERROR(VLOOKUP($D104,'Master Sheet'!$B:$AA,3,FALSE),"") -> SU-800 WIRELESS SPEEDLIGHT COMMANDER | I104: =IFERROR(VLOOKUP($D104,'Master Sheet'!$B:$AA,2,FALSE),"") -> FSW53801 | J104: =IFERROR(VLOOKUP($D104,'Master Sheet'!$B:$AA,5,FALSE),"") -> 018208047949 | K104: =IFERROR(VLOOKUP($D104,'Master Sheet'!$B:$AA,8,FALSE),"") -> 7847.955
D106: SU-800 Wireless Speedlight Commander Accessories
D107: CAMNIACGREY | G107: =IFERROR(VLOOKUP($D107,'Master Sheet'!$B:$AA,3,FALSE),"") -> GREY CARD | I107: =IFERROR(VLOOKUP($D107,'Master Sheet'!$B:$AA,2,FALSE),"") -> FXA10064 | J107: =IFERROR(VLOOKUP($D107,'Master Sheet'!$B:$AA,5,FALSE),"") -> 018208027545 | K107: =IFERROR(VLOOKUP($D107,'Master Sheet'!$B:$AA,8,FALSE),"") -> 179.955
D108: CAMNIACSC28 | G108: =IFERROR(VLOOKUP($D108,'Master Sheet'!$B:$AA,3,FALSE),"") -> SC-28 TTL SENSOR REMOTE CORD | I108: =IFERROR(VLOOKUP($D108,'Master Sheet'!$B:$AA,2,FALSE),"") -> FSG02601 | J108: =IFERROR(VLOOKUP($D108,'Master Sheet'!$B:$AA,5,FALSE),"") -> 018208047659 | K108: =IFERROR(VLOOKUP($D108,'Master Sheet'!$B:$AA,8,FALSE),"") -> 1475.955
D109: CAMNIACSC29 | G109: =IFERROR(VLOOKUP($D109,'Master Sheet'!$B:$AA,3,FALSE),"") -> SC-29 TTL SENSOR REMOTE CORD ( WITH AF ASSIST) | I109: =IFERROR(VLOOKUP($D109,'Master Sheet'!$B:$AA,2,FALSE),"") -> FSG02701 | J109: =IFERROR(VLOOKUP($D109,'Master Sheet'!$B:$AA,5,FALSE),"") -> 018208047666 | K109: =IFERROR(VLOOKUP($D109,'Master Sheet'!$B:$AA,8,FALSE),"") -> 1970.955
D110: CAMNIACSSSU800 | G110: =IFERROR(VLOOKUP($D110,'Master Sheet'!$B:$AA,3,FALSE),"") -> SOFT CASE SS-SU800 | I110: =IFERROR(VLOOKUP($D110,'Master Sheet'!$B:$AA,2,FALSE),"") -> FXA10360 | J110: =IFERROR(VLOOKUP($D110,'Master Sheet'!$B:$AA,5,FALSE),"") -> 018208049080 | K110: =IFERROR(VLOOKUP($D110,'Master Sheet'!$B:$AA,8,FALSE),"") -> 188.955
G111: =IFERROR(VLOOKUP($D111,'Master Sheet'!$B:$AA,3,FALSE),"") | I111: =IFERROR(VLOOKUP($D111,'Master Sheet'!$B:$AA,2,FALSE),"") | J111: =IFERROR(VLOOKUP($D111,'Master Sheet'!$B:$AA,5,FALSE),"") | K111: =IFERROR(VLOOKUP($D111,'Master Sheet'!$B:$AA,8,FALSE),"")
G112: =IFERROR(VLOOKUP($D112,'Master Sheet'!$B:$AA,3,FALSE),"") | I112: =IFERROR(VLOOKUP($D112,'Master Sheet'!$B:$AA,2,FALSE),"") | J112: =IFERROR(VLOOKUP($D112,'Master Sheet'!$B:$AA,5,FALSE),"") | K112: =IFERROR(VLOOKUP($D112,'Master Sheet'!$B:$AA,8,FALSE),"")

Sheet Compact Digital Cameras
G16: P950
C18: Order Code | G18: Details | I18: Product Code | J18: Barcode | K18: Dealer (Export)
D20: CAMNICPP950 | G20: =IFERROR(VLOOKUP($D20,'Master Sheet'!$B:$AA,3,FALSE),"") -> COOLPIX P950 BLACK | I20: =IFERROR(VLOOKUP($D20,'Master Sheet'!$B:$AA,2,FALSE),"") -> VQA100MA | J20: =IFERROR(VLOOKUP($D20,'Master Sheet'!$B:$AA,5,FALSE),"") -> 4960759912886 | K20: =IFERROR(VLOOKUP($D20,'Master Sheet'!$B:$AA,8,FALSE),"") -> 15659.955
D22: P950 Accessories
D23: CAMNIACCPLII67 | G23: =IFERROR(VLOOKUP($D23,'Master Sheet'!$B:$AA,3,FALSE),"") -> 67MM FILTER C-PL II | I23: =IFERROR(VLOOKUP($D23,'Master Sheet'!$B:$AA,2,FALSE),"") -> FTA13201 | J23: =IFERROR(VLOOKUP($D23,'Master Sheet'!$B:$AA,5,FALSE),"") -> 018208022557 | K23: =IFERROR(VLOOKUP($D23,'Master Sheet'!$B:$AA,8,FALSE),"") -> 2798.955
D24: CAMNIACEH5D | G24: =IFERROR(VLOOKUP($D24,'Master Sheet'!$B:$AA,3,FALSE),"") -> AC Adapter EH-5d | I24: =IFERROR(VLOOKUP($D24,'Master Sheet'!$B:$AA,2,FALSE),"") -> VEB033EA | J24: =IFERROR(VLOOKUP($D24,'Master Sheet'!$B:$AA,5,FALSE),"") -> 4960759903143 | K24: =IFERROR(VLOOKUP($D24,'Master Sheet'!$B:$AA,8,FALSE),"") -> 1736.955
D25: CAMNIACENEL20A | G25: =IFERROR(VLOOKUP($D25,'Master Sheet'!$B:$AA,3,FALSE),"") -> EN-EL20A RECHARGEABLE LI-ION BATTERY | I25: =IFERROR(VLOOKUP($D25,'Master Sheet'!$B:$AA,2,FALSE),"") -> VFB11603 | J25: =IFERROR(VLOOKUP($D25,'Master Sheet'!$B:$AA,5,FALSE),"") -> 018208037674 | K25: =IFERROR(VLOOKUP($D25,'Master Sheet'!$B:$AA,8,FALSE),"") -> 989.955
D26: CAMNIACILCLC67B | G26: =IFERROR(VLOOKUP($D26,'Master Sheet'!$B:$AA,3,FALSE),"") -> 67mm Z-Series Lens Cap | I26: =IFERROR(VLOOKUP($D26,'Master Sheet'!$B:$AA,2,FALSE),"") -> JMD00701 | J26: =IFERROR(VLOOKUP($D26,'Master Sheet'!$B:$AA,5,FALSE),"") -> 018208042302 | K26: =IFERROR(VLOOKUP($D26,'Master Sheet'!$B:$AA,8,FALSE),"") -> 161.955
D27: CAMNIACMCDC2 | G27: =IFERROR(VLOOKUP($D27,'Master Sheet'!$B:$AA,3,FALSE),"") -> MC-DC2 REMOTE CORD - D610/D600/D7100/D7000/D5300/D5200/D3300/D3200/D3100 | I27: =IFERROR(VLOOKUP($D27,'Master Sheet'!$B:$AA,2,FALSE),"") -> VDR00101 | J27: =IFERROR(VLOOKUP($D27,'Master Sheet'!$B:$AA,5,FALSE),"") -> 018208253951 | K27: =IFERROR(VLOOKUP($D27,'Master Sheet'!$B:$AA,8,FALSE),"") -> 431.955
D28: CAMNIACME1 | G28: =IFERROR(VLOOKUP($D28,'Master Sheet'!$B:$AA,3,FALSE),"") -> ME-1 STEREO MICROPHONE | I28: =IFERROR(VLOOKUP($D28,'Master Sheet'!$B:$AA,2,FALSE),"") -> VBW30001 | J28: =IFERROR(VLOOKUP($D28,'Master Sheet'!$B:$AA,5,FALSE),"") -> 018208270453 | K28: =IFERROR(VLOOKUP($D28,'Master Sheet'!$B:$AA,8,FALSE),"") -> 3464.955
D29: CAMNIACMLL7 | G29: =IFERROR(VLOOKUP($D29,'Master Sheet'!$B:$AA,3,FALSE),"") -> ML-L7 REMOTE CONTROL | I29: =IFERROR(VLOOKUP($D29,'Master Sheet'!$B:$AA,2,FALSE),"") -> VAJ57201 | J29: =IFERROR(VLOOKUP($D29,'Master Sheet'!$B:$AA,5,FALSE),"") -> 018208259526 | K29: =IFERROR(VLOOKUP($D29,'Master Sheet'!$B:$AA,8,FALSE),"") -> 800.955
D30: CAMNIACNC67 | G30: =IFERROR(VLOOKUP($D30,'Master Sheet'!$B:$AA,3,FALSE),"") -> 67MM FILTER NC NEUTRAL COLOUR | I30: =IFERROR(VLOOKUP($D30,'Master Sheet'!$B:$AA,2,FALSE),"") -> FTA13101 | J30: =IFERROR(VLOOKUP($D30,'Master Sheet'!$B:$AA,5,FALSE),"") -> 018208022885 | K30: =IFERROR(VLOOKUP($D30,'Master Sheet'!$B:$AA,8,FALSE),"") -> 863.955
